student_id,teacher_id,rating,lesson_completed,timestamp
s0566,t0144,4.8,True,2024-11-08 17:28:27.966690
s0227,t0197,4.2,True,2025-02-14 17:28:27.997945
s0776,t0065,3.5,True,2025-03-09 17:28:28.013586
s0870,t0026,4.4,True,2025-01-05 17:28:28.050449
s0307,t0121,3.8,False,2025-01-11 17:28:28.068192
s0918,t0143,4.6,False,2024-12-24 17:28:28.082193
s0787,t0046,3.4,True,2025-04-23 17:28:28.085780
s0972,t0099,3.6,True,2025-06-06 17:28:28.101386
s0121,t0178,3.3,True,2025-04-25 17:28:28.117019
s0316,t0065,4.1,False,2025-02-04 17:28:28.132632
s0326,t0196,4.1,True,2025-01-17 17:28:28.148255
s0628,t0064,3.8,True,2025-07-24 17:28:28.163883
s0740,t0080,3.9,False,2025-07-28 17:28:28.179504
s0226,t0056,3.6,True,2025-08-02 17:28:28.195129
s0818,t0034,3.7,True,2025-08-29 17:28:28.226376
s0153,t0191,3.5,False,2025-06-12 17:28:28.242002
s0222,t0132,3.0,False,2025-05-08 17:28:28.257628
s0127,t0033,4.1,True,2025-05-04 17:28:28.273251
s0916,t0073,3.3,True,2025-07-20 17:28:28.288876
s0161,t0069,3.6,True,2025-07-19 17:28:28.304500
s0977,t0186,3.4,True,2025-09-13 17:28:28.320131
s0155,t0086,3.9,False,2025-01-18 17:28:28.335752
s0852,t0036,3.4,True,2025-04-26 17:28:28.367011
s0884,t0154,4.3,True,2025-03-28 17:28:28.382634
s0250,t0057,4.4,True,2025-04-11 17:28:28.398255
s0051,t0020,4.2,False,2025-09-01 17:28:28.413876
s0805,t0086,4.4,False,2025-04-17 17:28:28.429501
s0547,t0181,3.6,True,2025-09-03 17:28:28.445127
s0229,t0059,4.0,True,2025-03-08 17:28:28.467047
s0143,t0105,4.2,True,2025-01-16 17:28:28.482682
s0931,t0191,3.4,True,2024-12-06 17:28:28.498304
s0365,t0031,3.6,True,2025-08-18 17:28:28.513928
s0573,t0019,4.9,False,2025-03-15 17:28:28.529552
s0746,t0113,3.4,True,2025-02-13 17:28:28.545181
s0689,t0063,4.6,True,2024-11-13 17:28:28.560806
s0491,t0006,3.8,True,2025-09-06 17:28:28.576431
s0621,t0135,3.6,True,2024-10-19 17:28:28.592059
s0449,t0064,3.5,True,2025-02-05 17:28:28.623301
s0282,t0048,4.2,False,2025-05-01 17:28:28.638930
s0588,t0127,3.9,True,2025-02-07 17:28:28.654553
s0546,t0113,4.4,True,2025-08-17 17:28:28.670178
s0916,t0028,4.0,True,2025-07-31 17:28:28.685803
s0706,t0165,4.0,True,2025-09-07 17:28:28.701435
s0039,t0129,3.6,True,2024-12-14 17:28:28.717057
s0392,t0017,4.3,True,2025-06-26 17:28:28.763933
s0496,t0095,4.2,True,2024-12-29 17:28:28.779560
s0732,t0042,3.2,False,2025-06-01 17:28:28.810814
s0358,t0137,4.5,False,2025-03-24 17:28:28.842052
s0340,t0131,3.5,True,2025-03-24 17:28:28.857680
s0210,t0029,3.6,True,2025-02-26 17:28:28.873302
s0352,t0138,3.7,False,2025-01-01 17:28:28.904551
s0304,t0182,4.1,True,2025-04-13 17:28:28.935808
s0592,t0052,4.1,False,2025-04-18 17:28:28.951435
s0675,t0166,3.2,True,2025-07-26 17:28:28.967059
s0032,t0081,4.0,True,2025-07-29 17:28:28.982677
s0015,t0081,3.3,True,2024-11-21 17:28:29.018511
s0249,t0038,4.3,False,2025-08-20 17:28:29.049748
s0042,t0167,3.8,True,2024-10-26 17:28:29.072874
s0561,t0070,3.8,True,2025-07-21 17:28:29.088565
s0845,t0155,3.7,False,2025-07-20 17:28:29.098180
s0368,t0087,3.8,True,2025-01-23 17:28:29.113803
s0366,t0128,3.9,True,2024-10-19 17:28:29.129428
s0724,t0047,3.2,True,2025-05-17 17:28:29.145058
s0233,t0012,3.6,True,2025-05-18 17:28:29.160679
s0496,t0129,4.0,True,2024-09-18 17:28:29.176305
s0348,t0067,3.0,True,2024-10-28 17:28:29.191931
s0100,t0164,3.5,True,2024-10-08 17:28:29.207555
s0010,t0099,4.7,False,2024-12-11 17:28:29.223180
s0050,t0090,3.0,False,2024-09-29 17:28:29.238804
s0437,t0149,3.0,False,2025-09-08 17:28:29.254428
s0349,t0070,2.9,True,2025-06-06 17:28:29.285682
s0694,t0074,3.4,True,2025-01-19 17:28:29.301304
s0582,t0093,3.6,True,2024-12-02 17:28:29.316931
s0215,t0182,3.1,True,2025-04-27 17:28:29.332556
s0179,t0090,3.3,True,2025-07-10 17:28:29.348178
s0812,t0025,4.2,False,2025-01-30 17:28:29.363806
s0788,t0065,3.9,True,2025-07-03 17:28:29.379429
s0779,t0191,4.2,True,2025-04-03 17:28:29.395055
s0069,t0182,3.5,True,2025-04-12 17:28:29.410679
s0813,t0140,3.5,False,2025-04-14 17:28:29.426306
s0470,t0155,3.8,True,2025-07-31 17:28:29.441929
s0716,t0106,3.1,False,2024-11-06 17:28:29.457554
s0576,t0044,2.5,False,2024-11-27 17:28:29.473179
s0445,t0121,4.1,True,2025-07-14 17:28:29.488807
s0135,t0009,4.0,True,2025-02-11 17:28:29.504431
s0938,t0181,4.0,False,2025-06-01 17:28:29.516647
s0733,t0133,4.5,True,2025-08-12 17:28:29.532277
s0227,t0145,3.6,True,2025-09-08 17:28:29.547900
s0198,t0060,3.6,True,2024-09-23 17:28:29.563525
s0299,t0005,3.4,False,2025-09-06 17:28:29.579152
s0373,t0046,3.9,True,2025-03-14 17:28:29.594775
s0538,t0068,4.0,False,2025-01-05 17:28:29.610403
s0376,t0100,3.2,True,2025-06-27 17:28:29.626029
s0224,t0077,3.2,False,2025-04-04 17:28:29.641654
s0258,t0015,4.1,True,2025-03-16 17:28:29.657279
s0889,t0175,3.7,True,2024-09-14 17:28:29.672907
s0676,t0155,4.2,True,2024-12-20 17:28:29.704147
s0291,t0099,3.8,True,2025-04-12 17:28:29.719775
s0303,t0194,4.2,False,2025-01-05 17:28:29.735402
s0118,t0020,4.5,True,2025-02-18 17:28:29.751030
s0856,t0042,2.8,False,2025-01-28 17:28:29.766654
s0640,t0183,3.8,False,2025-01-22 17:28:29.782278
s0430,t0198,4.2,True,2025-03-23 17:28:29.797917
s0822,t0121,3.1,True,2025-01-05 17:28:29.813524
s0653,t0070,3.3,True,2024-11-24 17:28:29.829150
s0354,t0036,3.5,True,2024-12-31 17:28:29.844776
s0130,t0158,3.7,True,2024-10-25 17:28:29.860400
s0047,t0180,3.5,False,2025-07-08 17:28:29.876025
s0014,t0129,3.5,False,2025-09-07 17:28:29.891650
s0865,t0093,3.8,True,2025-04-22 17:28:29.922900
s0796,t0030,3.7,True,2025-06-27 17:28:29.922900
s0007,t0104,3.9,True,2025-03-30 17:28:29.954148
s0791,t0181,4.0,True,2024-09-22 17:28:29.969773
s0236,t0139,4.5,True,2025-07-21 17:28:29.985398
s0856,t0092,3.9,False,2024-12-04 17:28:30.001031
s0556,t0165,4.5,True,2025-03-22 17:28:30.016654
s0671,t0127,4.0,True,2025-04-12 17:28:30.032285
s0711,t0112,3.1,False,2025-02-20 17:28:30.071637
s0570,t0070,3.1,False,2024-11-02 17:28:30.088458
s0758,t0102,3.2,False,2024-11-24 17:28:30.098905
s0705,t0032,3.8,True,2025-07-21 17:28:30.114537
s0345,t0020,3.8,True,2024-11-01 17:28:30.130159
s0498,t0114,3.4,True,2025-04-26 17:28:30.145788
s0387,t0194,4.1,True,2025-02-23 17:28:30.161409
s0190,t0093,3.5,True,2024-11-22 17:28:30.177032
s0529,t0109,3.8,True,2025-04-23 17:28:30.192657
s0260,t0114,3.9,True,2024-12-19 17:28:30.208287
s0830,t0145,3.6,True,2024-10-20 17:28:30.223907
s0288,t0039,4.7,True,2025-06-19 17:28:30.239533
s0135,t0029,4.5,True,2025-01-17 17:28:30.255160
s0696,t0069,3.3,True,2025-01-17 17:28:30.270781
s0029,t0060,4.4,True,2025-07-09 17:28:30.286409
s0804,t0005,3.6,False,2025-03-05 17:28:30.302031
s0473,t0007,3.7,False,2024-11-02 17:28:30.317660
s0637,t0091,3.7,True,2025-06-27 17:28:30.333293
s0249,t0173,3.6,True,2025-08-06 17:28:30.348910
s0741,t0158,4.0,False,2025-08-02 17:28:30.364538
s0132,t0115,3.6,True,2025-05-15 17:28:30.380159
s0785,t0138,3.7,False,2025-08-08 17:28:30.411407
s0410,t0081,3.5,False,2025-07-08 17:28:30.427033
s0702,t0075,3.5,True,2025-05-08 17:28:30.442658
s0556,t0103,3.7,True,2025-02-12 17:28:30.458284
s0153,t0112,2.9,True,2025-05-04 17:28:30.473909
s0957,t0114,3.8,False,2025-02-08 17:28:30.489536
s0969,t0191,3.6,True,2024-12-30 17:28:30.505158
s0833,t0155,4.2,True,2025-04-19 17:28:30.520787
s0368,t0087,4.0,True,2025-05-10 17:28:30.536405
s0892,t0016,3.7,True,2024-12-30 17:28:30.552035
s0694,t0078,3.6,True,2024-11-02 17:28:30.567662
s0788,t0081,3.6,True,2024-09-15 17:28:30.583434
s0537,t0102,3.8,False,2024-11-18 17:28:30.599062
s0141,t0064,4.2,True,2024-11-18 17:28:30.614685
s0247,t0154,3.5,True,2025-08-07 17:28:30.630313
s0358,t0193,3.6,True,2024-11-13 17:28:30.645933
s0414,t0059,4.1,False,2025-03-21 17:28:30.661558
s0739,t0137,4.2,True,2025-03-23 17:28:30.677188
s0747,t0094,4.7,False,2024-09-21 17:28:30.692812
s0160,t0168,4.3,True,2025-06-08 17:28:30.708432
s0852,t0110,3.7,True,2025-03-27 17:28:30.724057
s0376,t0104,3.7,True,2025-07-27 17:28:30.739682
s0779,t0048,3.9,True,2025-07-04 17:28:30.755308
s0912,t0196,4.1,True,2024-10-18 17:28:30.786556
s0045,t0119,4.2,True,2025-04-08 17:28:30.802180
s0434,t0139,4.5,True,2024-11-24 17:28:30.802180
s0001,t0093,3.7,True,2025-09-08 17:28:30.817809
s0573,t0190,4.6,True,2025-02-12 17:28:30.833438
s0906,t0048,3.2,True,2025-07-15 17:28:30.864683
s0484,t0145,4.6,True,2024-10-12 17:28:30.864683
s0413,t0028,3.2,True,2025-05-05 17:28:30.895932
s0850,t0108,4.6,True,2024-10-02 17:28:30.911559
s0779,t0073,3.4,True,2025-02-21 17:28:30.927183
s0121,t0078,3.5,True,2024-12-10 17:28:30.942807
s0672,t0131,3.4,True,2025-04-08 17:28:30.958436
s0952,t0110,3.3,True,2025-08-02 17:28:30.974062
s0273,t0124,3.4,True,2024-11-18 17:28:30.989685
s0111,t0028,3.7,True,2024-10-05 17:28:31.005308
s0181,t0120,3.7,False,2024-10-16 17:28:31.036569
s0906,t0029,4.2,True,2025-02-05 17:28:31.052224
s0547,t0172,4.0,True,2025-04-13 17:28:31.067821
s0125,t0138,3.4,False,2025-07-02 17:28:31.092103
s0619,t0140,3.7,True,2024-10-14 17:28:31.107871
s0441,t0051,4.9,True,2025-06-13 17:28:31.118058
s0191,t0150,3.7,True,2025-01-11 17:28:31.133688
s0567,t0161,4.1,False,2024-11-16 17:28:31.149305
s0298,t0053,3.2,False,2025-07-12 17:28:31.164937
s0202,t0018,3.5,True,2025-02-20 17:28:31.180558
s0727,t0081,3.3,True,2024-12-03 17:28:31.196185
s0782,t0106,3.5,True,2024-12-08 17:28:31.211805
s0996,t0147,3.5,True,2025-02-28 17:28:31.227436
s0926,t0116,4.2,False,2025-04-05 17:28:31.243056
s0081,t0077,3.0,True,2025-03-21 17:28:31.258683
s0573,t0111,3.8,True,2024-12-10 17:28:31.274310
s0287,t0076,3.6,True,2025-08-26 17:28:31.289931
s0411,t0147,4.2,True,2025-01-13 17:28:31.321181
s0827,t0009,3.9,False,2025-06-23 17:28:31.336809
s0893,t0073,3.5,True,2025-09-13 17:28:31.352431
s0282,t0073,3.1,False,2025-07-31 17:28:31.368057
s0104,t0005,4.2,True,2025-03-21 17:28:31.383689
s0987,t0199,3.7,True,2024-11-13 17:28:31.399312
s0831,t0132,3.4,False,2024-10-26 17:28:31.414934
s0833,t0155,4.2,True,2025-05-10 17:28:31.430560
s0271,t0008,3.7,True,2025-04-06 17:28:31.461815
s0993,t0018,3.6,False,2025-01-06 17:28:31.493066
s0756,t0074,3.2,True,2025-04-24 17:28:31.508704
s0424,t0179,3.5,True,2024-10-27 17:28:31.539935
s0149,t0006,4.3,False,2025-08-13 17:28:31.571182
s0782,t0007,3.5,True,2024-11-07 17:28:31.586803
s0362,t0186,3.5,True,2025-03-21 17:28:31.618082
s0345,t0032,3.7,True,2025-03-09 17:28:31.648636
s0816,t0036,3.9,True,2025-02-10 17:28:31.664254
s0028,t0193,3.1,False,2024-09-20 17:28:31.695504
s0377,t0030,3.3,True,2024-10-04 17:28:31.726753
s0501,t0051,4.5,True,2025-03-03 17:28:31.742377
s0077,t0099,3.9,True,2025-05-03 17:28:31.758003
s0043,t0106,3.2,True,2025-08-20 17:28:31.773627
s0788,t0047,2.8,True,2025-08-09 17:28:31.789254
s0081,t0051,3.9,True,2025-03-10 17:28:31.804881
s0473,t0083,3.6,True,2025-06-09 17:28:31.820503
s0104,t0101,3.8,True,2025-02-15 17:28:31.836130
s0932,t0075,3.7,True,2025-06-29 17:28:31.851755
s0673,t0180,3.8,True,2024-10-28 17:28:31.867380
s0124,t0200,2.9,False,2024-12-07 17:28:31.883010
s0345,t0012,4.4,False,2024-12-13 17:28:31.898630
s0816,t0105,4.1,True,2025-02-26 17:28:31.914258
s0333,t0018,3.1,True,2025-01-31 17:28:31.929875
s0920,t0146,3.1,False,2024-11-26 17:28:31.945501
s0417,t0021,3.4,True,2025-04-27 17:28:31.961134
s0519,t0032,3.8,True,2024-11-23 17:28:31.992382
s0007,t0003,4.3,False,2025-07-28 17:28:32.008001
s0791,t0105,4.0,True,2025-06-07 17:28:32.023626
s0839,t0025,4.1,True,2024-12-22 17:28:32.039265
s0128,t0156,3.5,False,2025-01-17 17:28:32.070511
s0667,t0129,3.6,True,2025-09-05 17:28:32.099503
s0576,t0184,2.9,False,2025-05-19 17:28:32.114224
s0947,t0167,3.8,False,2025-03-08 17:28:32.128224
s0941,t0141,3.8,False,2024-12-04 17:28:32.130816
s0976,t0033,4.0,True,2025-01-21 17:28:32.146440
s0388,t0199,3.2,False,2025-02-08 17:28:32.166043
s0517,t0102,3.3,True,2025-09-01 17:28:32.181675
s0530,t0149,3.7,False,2025-09-08 17:28:32.197296
s0592,t0140,4.5,False,2025-07-10 17:28:32.212923
s0409,t0075,4.0,True,2025-01-16 17:28:32.228548
s0689,t0106,3.5,True,2025-06-26 17:28:32.259802
s0737,t0150,3.4,False,2025-07-26 17:28:32.259802
s0153,t0191,4.3,False,2025-02-21 17:28:32.291047
s0692,t0075,4.0,True,2024-11-01 17:28:32.306672
s0038,t0153,4.0,True,2025-05-12 17:28:32.322300
s0892,t0064,3.0,False,2025-05-23 17:28:32.337925
s0872,t0194,4.4,True,2025-04-30 17:28:32.353551
s0415,t0109,3.7,True,2024-11-01 17:28:32.369175
s0569,t0131,3.5,True,2025-06-29 17:28:32.384796
s0458,t0106,2.9,True,2024-09-21 17:28:32.400442
s0900,t0009,4.1,True,2025-01-08 17:28:32.416056
s0031,t0038,4.4,True,2024-11-12 17:28:32.431681
s0250,t0004,3.2,False,2025-04-23 17:28:32.447304
s0049,t0044,3.4,True,2025-01-26 17:28:32.462921
s0669,t0060,3.7,False,2025-05-08 17:28:32.478545
s0133,t0097,4.3,True,2024-09-23 17:28:32.494172
s0998,t0065,3.6,True,2025-07-19 17:28:32.509797
s0164,t0091,3.7,True,2025-08-01 17:28:32.525422
s0537,t0019,4.6,False,2024-09-24 17:28:32.556672
s0599,t0029,3.8,True,2025-03-13 17:28:32.556672
s0869,t0067,3.1,True,2025-01-25 17:28:32.587921
s0734,t0025,4.1,True,2025-01-06 17:28:32.603545
s0865,t0042,3.3,True,2024-12-13 17:28:32.619172
s0346,t0125,3.5,True,2024-11-29 17:28:32.634795
s0272,t0072,4.0,False,2025-08-09 17:28:32.650433
s0934,t0191,3.6,True,2025-05-24 17:28:32.666054
s0579,t0089,3.4,False,2025-04-12 17:28:32.681676
s0306,t0191,4.5,True,2025-06-25 17:28:32.697299
s0438,t0156,3.5,True,2025-08-22 17:28:32.715845
s0859,t0063,4.6,True,2024-11-28 17:28:32.731482
s0237,t0138,3.3,True,2025-03-30 17:28:32.747100
s0407,t0129,3.8,True,2024-09-24 17:28:32.762729
s0984,t0159,3.5,True,2025-01-05 17:28:32.778349
s0386,t0051,3.9,True,2024-10-06 17:28:32.793975
s0197,t0115,3.9,False,2025-06-19 17:28:32.809602
s0835,t0118,3.9,True,2025-07-21 17:28:32.825226
s0850,t0045,5.0,True,2024-10-15 17:28:32.840849
s0230,t0146,3.1,True,2024-10-29 17:28:32.856475
s0217,t0044,3.2,False,2025-09-08 17:28:32.872098
s0274,t0020,4.4,True,2025-08-21 17:28:32.887724
s0126,t0109,3.2,True,2025-02-03 17:28:32.918972
s0243,t0157,3.7,True,2025-08-18 17:28:32.934598
s0028,t0187,4.1,False,2024-11-04 17:28:32.950262
s0260,t0097,3.7,True,2025-07-20 17:28:32.965859
s0267,t0184,3.7,True,2024-12-07 17:28:32.981478
s0288,t0113,3.9,True,2024-12-02 17:28:32.981478
s0573,t0086,4.7,True,2024-10-11 17:28:32.997101
s0435,t0052,4.5,True,2025-01-05 17:28:33.012727
s0339,t0118,3.5,False,2025-01-27 17:28:33.028349
s0391,t0142,3.6,True,2025-04-23 17:28:33.075231
s0132,t0172,3.7,False,2025-04-19 17:28:33.090853
s0368,t0132,3.4,False,2025-08-21 17:28:33.122117
s0691,t0088,3.0,True,2024-09-29 17:28:33.160315
s0734,t0066,4.4,False,2025-06-02 17:28:33.179209
s0289,t0018,3.6,True,2024-12-13 17:28:33.196201
s0618,t0031,4.1,True,2025-02-10 17:28:33.211828
s0453,t0198,3.8,True,2025-07-04 17:28:33.232581
s0316,t0164,3.4,False,2024-10-14 17:28:33.248209
s0287,t0184,4.0,False,2024-11-05 17:28:33.263833
s0920,t0131,3.7,True,2025-03-15 17:28:33.279457
s0661,t0078,3.6,True,2025-07-17 17:28:33.295082
s0196,t0033,3.4,False,2025-03-26 17:28:33.310708
s0256,t0068,3.7,True,2025-07-07 17:28:33.326332
s0382,t0050,3.3,True,2025-05-05 17:28:33.341960
s0464,t0039,4.4,True,2025-06-08 17:28:33.373207
s0445,t0182,3.6,True,2025-02-18 17:28:33.388830
s0340,t0116,4.6,True,2024-11-24 17:28:33.404457
s0527,t0089,3.5,True,2025-06-04 17:28:33.420079
s0449,t0141,4.1,True,2025-08-23 17:28:33.435709
s0447,t0021,3.6,True,2025-05-26 17:28:33.451332
s0842,t0155,4.3,True,2025-08-16 17:28:33.466961
s0114,t0070,4.1,True,2024-11-20 17:28:33.482586
s0239,t0177,2.9,True,2025-05-27 17:28:33.498210
s0281,t0005,3.1,True,2024-12-29 17:28:33.513834
s0806,t0094,4.5,True,2024-10-05 17:28:33.529457
s0902,t0015,4.6,False,2025-01-31 17:28:33.545080
s0909,t0177,3.1,False,2024-12-09 17:28:33.560711
s0596,t0064,3.6,False,2024-11-14 17:28:33.591956
s0777,t0172,3.9,True,2024-10-24 17:28:33.607585
s0860,t0166,3.0,True,2025-04-13 17:28:33.623207
s0321,t0192,3.0,False,2024-11-05 17:28:33.638837
s0237,t0094,4.4,True,2025-05-12 17:28:33.654459
s0399,t0005,4.1,False,2025-03-21 17:28:33.670085
s0098,t0092,3.5,True,2024-09-30 17:28:33.685707
s0195,t0033,4.0,True,2025-05-09 17:28:33.701330
s0266,t0040,3.9,True,2024-10-03 17:28:33.716967
s0675,t0131,4.2,True,2025-09-08 17:28:33.732593
s0412,t0076,3.0,True,2025-05-09 17:28:33.750638
s0707,t0104,3.3,True,2025-06-08 17:28:33.766273
s0694,t0113,3.8,True,2024-09-14 17:28:33.781895
s0923,t0170,3.4,True,2024-11-05 17:28:33.797514
s0368,t0189,4.5,True,2025-02-13 17:28:33.813140
s0020,t0052,3.9,True,2025-03-05 17:28:33.844387
s0222,t0002,3.9,True,2025-04-06 17:28:33.860016
s0158,t0008,3.8,True,2025-06-14 17:28:33.875642
s0642,t0069,2.7,True,2025-06-15 17:28:33.891268
s0226,t0140,3.7,True,2025-06-10 17:28:33.906888
s0190,t0074,3.2,True,2025-06-08 17:28:33.922514
s0441,t0051,4.3,True,2024-12-07 17:28:33.938138
s0784,t0199,3.7,False,2024-12-06 17:28:33.953763
s0556,t0042,3.2,True,2025-01-07 17:28:33.969388
s0204,t0081,3.9,True,2025-08-06 17:28:33.985012
s0103,t0029,3.8,True,2025-02-05 17:28:34.000639
s0189,t0105,3.8,True,2025-02-28 17:28:34.016275
s0650,t0046,3.4,True,2024-12-29 17:28:34.031900
s0297,t0021,3.4,True,2024-10-05 17:28:34.047514
s0340,t0144,4.7,False,2024-11-30 17:28:34.063143
s0072,t0032,3.8,True,2024-12-11 17:28:34.094408
s0686,t0109,3.9,True,2025-04-12 17:28:34.110023
s0073,t0034,3.6,True,2024-12-13 17:28:34.136353
s0907,t0025,4.0,True,2025-01-16 17:28:34.153082
s0357,t0091,3.6,True,2025-07-07 17:28:34.166143
s0573,t0045,4.2,False,2024-10-17 17:28:34.181773
s0946,t0002,3.7,True,2025-08-31 17:28:34.197395
s0863,t0141,4.1,False,2025-03-13 17:28:34.213016
s0734,t0137,4.2,True,2025-06-29 17:28:34.228641
s0187,t0123,3.6,True,2025-01-06 17:28:34.244266
s0998,t0069,3.2,False,2025-01-20 17:28:34.259893
s0316,t0164,3.5,True,2025-07-14 17:28:34.275521
s0109,t0034,3.8,False,2025-07-08 17:28:34.291146
s0765,t0141,4.0,True,2025-04-29 17:28:34.299275
s0529,t0171,4.2,True,2025-07-13 17:28:34.314904
s0042,t0167,3.2,True,2025-08-06 17:28:34.330529
s0553,t0166,3.6,True,2025-05-24 17:28:34.346159
s0475,t0036,3.7,True,2025-01-05 17:28:34.361776
s0077,t0150,3.6,True,2025-04-10 17:28:34.393026
s0551,t0025,4.4,True,2025-02-11 17:28:34.408651
s0097,t0099,3.4,True,2025-06-20 17:28:34.424277
s0308,t0178,3.9,True,2025-06-29 17:28:34.439901
s0609,t0037,5.0,True,2024-12-14 17:28:34.455526
s0242,t0186,3.3,True,2025-06-17 17:28:34.471152
s0552,t0040,4.0,True,2025-04-26 17:28:34.486781
s0297,t0179,3.0,False,2024-09-24 17:28:34.502403
s0929,t0074,3.0,True,2024-11-05 17:28:34.518032
s0862,t0075,4.6,True,2024-12-06 17:28:34.533654
s0444,t0099,3.9,True,2025-01-22 17:28:34.549280
s0017,t0109,3.6,True,2025-07-09 17:28:34.564907
s0789,t0156,3.5,True,2025-05-21 17:28:34.580528
s0288,t0139,4.1,True,2025-04-01 17:28:34.596157
s0608,t0191,4.5,True,2025-05-25 17:28:34.611779
s0328,t0036,2.9,False,2025-03-20 17:28:34.627404
s0215,t0107,3.2,False,2024-11-04 17:28:34.643030
s0028,t0127,3.4,True,2025-01-19 17:28:34.658657
s0695,t0020,4.1,True,2024-09-20 17:28:34.689906
s0174,t0114,3.6,False,2025-03-08 17:28:34.705531
s0583,t0063,4.5,True,2025-05-16 17:28:34.721153
s0437,t0076,2.8,False,2025-07-30 17:28:34.736782
s0888,t0142,3.5,True,2024-12-25 17:28:34.752402
s0118,t0074,3.5,False,2025-09-10 17:28:34.768028
s0940,t0120,4.6,True,2025-02-06 17:28:34.783662
s0604,t0188,3.7,False,2024-12-20 17:28:34.799313
s0069,t0031,3.0,True,2025-06-05 17:28:34.815532
s0611,t0107,3.0,True,2025-07-29 17:28:34.831163
s0844,t0069,4.0,False,2024-11-22 17:28:34.862409
s0079,t0192,3.6,False,2025-05-13 17:28:34.878033
s0983,t0096,3.4,True,2025-04-23 17:28:34.893664
s0935,t0046,4.1,True,2024-10-04 17:28:34.909285
s0191,t0068,3.7,True,2024-11-29 17:28:34.924908
s0587,t0151,4.2,False,2025-04-22 17:28:34.940534
s0415,t0051,3.8,True,2024-12-31 17:28:34.956158
s0992,t0162,4.7,True,2025-06-13 17:28:34.971786
s0577,t0124,2.9,True,2024-09-24 17:28:34.987407
s0675,t0081,3.4,True,2025-03-17 17:28:35.003033
s0259,t0033,4.4,True,2025-06-11 17:28:35.018662
s0802,t0136,4.3,True,2025-05-16 17:28:35.034283
s0767,t0090,4.0,True,2025-04-08 17:28:35.049918
s0387,t0127,3.4,True,2025-01-24 17:28:35.065537
s0667,t0140,4.2,False,2024-11-04 17:28:35.081162
s0290,t0191,3.9,True,2025-08-24 17:28:35.112420
s0005,t0184,3.6,True,2025-07-21 17:28:35.128043
s0563,t0178,3.7,False,2025-01-15 17:28:35.154815
s0785,t0003,4.1,True,2025-03-14 17:28:35.171528
s0018,t0128,4.3,True,2025-07-04 17:28:35.180112
s0950,t0149,4.4,True,2025-08-30 17:28:35.195734
s0787,t0170,3.5,True,2024-10-01 17:28:35.211360
s0596,t0074,3.8,True,2025-07-22 17:28:35.226985
s0248,t0076,3.4,True,2025-07-16 17:28:35.242611
s0401,t0112,3.0,True,2025-03-10 17:28:35.258236
s0840,t0009,4.5,True,2025-01-06 17:28:35.273862
s0980,t0069,3.0,True,2025-04-23 17:28:35.289488
s0582,t0106,3.5,True,2025-04-09 17:28:35.305116
s0773,t0191,4.4,True,2025-04-25 17:28:35.320739
s0835,t0075,3.9,False,2024-11-30 17:28:35.336362
s0278,t0150,4.4,True,2024-10-24 17:28:35.365501
s0747,t0010,4.3,True,2025-06-10 17:28:35.381131
s0255,t0017,3.6,True,2025-05-01 17:28:35.396756
s1000,t0194,4.1,False,2025-09-04 17:28:35.412381
s0406,t0137,4.2,True,2024-10-18 17:28:35.428000
s0310,t0136,4.4,True,2024-09-23 17:28:35.443626
s0531,t0124,3.8,True,2025-02-11 17:28:35.459259
s0223,t0112,3.9,True,2025-08-10 17:28:35.474885
s0917,t0055,4.9,True,2025-05-04 17:28:35.490508
s0336,t0130,4.2,True,2025-07-22 17:28:35.506136
s1000,t0060,3.5,True,2024-12-01 17:28:35.521759
s0593,t0192,3.3,True,2025-05-23 17:28:35.537380
s0767,t0050,3.5,True,2025-08-18 17:28:35.568629
s0846,t0102,3.6,True,2024-11-23 17:28:35.584255
s0372,t0158,3.3,False,2024-11-29 17:28:35.599883
s0090,t0005,3.8,True,2024-12-30 17:28:35.615514
s0132,t0196,4.0,False,2025-02-14 17:28:35.631133
s0651,t0127,3.9,True,2025-02-28 17:28:35.631133
s0779,t0191,4.0,True,2024-11-26 17:28:35.646755
s0561,t0122,3.6,True,2024-09-13 17:28:35.662379
s0090,t0178,4.0,False,2025-05-22 17:28:35.678003
s0938,t0032,3.7,True,2024-10-08 17:28:35.693632
s0118,t0087,3.7,True,2024-12-22 17:28:35.709254
s0217,t0182,3.3,True,2025-06-30 17:28:35.724880
s0338,t0015,3.8,True,2025-03-05 17:28:35.756127
s0778,t0199,3.8,False,2024-10-30 17:28:35.771752
s0509,t0047,3.3,True,2025-03-20 17:28:35.787380
s0435,t0129,4.0,False,2024-12-25 17:28:35.803006
s0128,t0147,3.4,True,2025-08-31 17:28:35.818633
s0491,t0052,4.5,True,2025-08-28 17:28:35.834254
s0717,t0124,3.6,True,2025-03-09 17:28:35.849879
s0614,t0132,3.6,True,2025-08-29 17:28:35.865506
s0871,t0054,3.1,True,2025-01-27 17:28:35.881973
s0743,t0060,3.9,True,2024-10-23 17:28:35.897604
s0563,t0026,4.9,True,2025-01-28 17:28:35.897604
s0041,t0165,3.7,False,2025-04-16 17:28:35.928849
s0550,t0051,4.6,False,2025-08-28 17:28:35.944475
s0440,t0120,3.8,True,2025-05-15 17:28:35.960099
s0537,t0188,4.3,False,2025-04-30 17:28:35.975725
s0963,t0120,3.7,True,2024-10-02 17:28:35.991349
s0195,t0003,4.0,True,2025-01-03 17:28:36.006974
s0859,t0140,4.2,True,2024-09-25 17:28:36.022599
s0349,t0018,3.4,True,2025-03-30 17:28:36.038223
s0642,t0147,4.3,False,2025-05-07 17:28:36.053850
s0660,t0111,4.1,True,2024-12-03 17:28:36.069475
s0940,t0129,4.4,True,2025-04-01 17:28:36.085098
s0257,t0054,2.9,True,2025-06-11 17:28:36.116359
s0762,t0128,4.0,True,2025-03-09 17:28:36.131978
s0873,t0189,3.8,True,2025-08-26 17:28:36.164231
s0408,t0051,4.2,True,2025-01-09 17:28:36.186216
s0956,t0073,4.0,True,2025-08-15 17:28:36.196522
s0164,t0069,3.4,False,2024-10-27 17:28:36.212147
s0054,t0149,3.8,True,2025-04-19 17:28:36.227772
s0805,t0180,3.4,True,2024-11-30 17:28:36.243400
s0153,t0191,3.6,True,2024-10-19 17:28:36.259026
s0229,t0106,3.6,False,2025-04-17 17:28:36.274646
s0538,t0073,3.6,True,2025-08-02 17:28:36.290275
s0772,t0191,3.6,True,2024-10-26 17:28:36.305904
s0402,t0053,3.6,False,2025-06-26 17:28:36.321521
s0740,t0136,4.0,True,2025-05-07 17:28:36.337150
s0541,t0021,3.3,True,2025-08-25 17:28:36.352772
s0746,t0146,3.3,False,2024-10-16 17:28:36.368399
s0055,t0182,3.2,True,2025-04-30 17:28:36.384022
s0821,t0192,3.8,True,2025-04-16 17:28:36.399651
s0052,t0050,3.6,True,2025-08-04 17:28:36.415388
s0554,t0029,3.6,False,2024-10-31 17:28:36.431022
s0004,t0006,4.5,True,2025-04-30 17:28:36.446644
s0960,t0049,4.2,False,2024-11-08 17:28:36.462267
s0075,t0049,3.7,True,2025-01-15 17:28:36.477895
s0543,t0009,4.5,False,2025-01-10 17:28:36.493519
s0067,t0008,4.2,True,2024-12-05 17:28:36.509142
s0069,t0054,2.9,True,2025-03-14 17:28:36.524769
s0966,t0105,4.4,False,2025-08-26 17:28:36.540390
s0417,t0139,4.6,True,2024-12-19 17:28:36.556018
s0726,t0143,4.1,True,2025-02-22 17:28:36.587268
s0494,t0108,4.6,True,2025-04-10 17:28:36.602894
s0249,t0162,4.7,True,2025-01-29 17:28:36.618516
s0604,t0003,4.3,False,2025-06-07 17:28:36.634143
s0479,t0030,3.9,True,2024-10-22 17:28:36.649771
s0232,t0154,3.6,False,2025-03-15 17:28:36.665401
s0193,t0191,3.5,True,2024-10-26 17:28:36.681017
s0840,t0188,4.1,False,2025-05-01 17:28:36.696640
s0474,t0034,3.7,True,2025-09-12 17:28:36.712265
s0750,t0104,3.4,True,2025-02-22 17:28:36.727896
s0252,t0081,3.5,False,2025-06-09 17:28:36.743515
s0165,t0191,3.2,True,2025-07-17 17:28:36.759140
s0712,t0141,4.0,True,2024-09-21 17:28:36.774772
s0046,t0064,3.1,False,2024-10-04 17:28:36.790394
s0801,t0171,3.7,True,2024-10-30 17:28:36.806021
s0511,t0036,4.3,True,2025-09-08 17:28:36.821640
s0387,t0132,3.7,True,2025-01-06 17:28:36.837273
s0500,t0178,3.3,True,2025-09-13 17:28:36.852894
s0878,t0191,4.5,True,2025-05-27 17:28:36.884146
s0486,t0021,3.8,True,2025-01-21 17:28:36.884146
s0790,t0054,3.3,False,2024-12-02 17:28:36.915394
s0592,t0103,3.6,True,2025-08-29 17:28:36.931498
s0574,t0129,3.7,True,2025-06-03 17:28:36.947133
s0491,t0146,3.6,True,2025-09-06 17:28:36.962754
s0381,t0191,3.7,True,2024-11-17 17:28:36.978378
s0550,t0074,3.2,True,2025-08-25 17:28:36.994007
s0096,t0129,4.0,True,2025-05-18 17:28:37.009626
s0657,t0042,3.3,True,2024-10-18 17:28:37.025255
s0586,t0006,4.1,True,2025-09-02 17:28:37.040879
s0182,t0052,3.9,False,2024-12-30 17:28:37.056501
s0819,t0066,4.0,True,2024-12-18 17:28:37.072126
s0695,t0155,4.1,False,2025-04-29 17:28:37.087752
s0048,t0036,3.5,True,2025-03-11 17:28:37.119009
s0584,t0073,3.1,True,2025-03-07 17:28:37.134646
s0656,t0118,3.5,False,2025-07-26 17:28:37.165887
s0122,t0018,3.5,False,2025-08-16 17:28:37.186665
s0798,t0078,3.9,True,2024-12-11 17:28:37.200394
s0904,t0162,4.2,True,2025-04-18 17:28:37.211390
s0052,t0114,3.4,False,2024-10-05 17:28:37.212988
s0028,t0110,4.0,True,2025-01-21 17:28:37.228610
s0983,t0012,3.9,False,2025-01-17 17:28:37.244234
s0442,t0182,3.6,True,2025-01-15 17:28:37.259861
s0843,t0189,3.9,True,2024-12-15 17:28:37.291110
s0877,t0129,4.2,True,2024-12-03 17:28:37.306735
s0276,t0015,4.1,False,2025-07-13 17:28:37.322363
s0060,t0191,4.3,True,2025-05-03 17:28:37.337985
s0597,t0109,4.0,True,2025-07-22 17:28:37.353610
s0775,t0097,3.1,True,2024-11-20 17:28:37.369237
s0370,t0069,3.4,True,2024-12-24 17:28:37.384859
s0538,t0097,3.6,True,2025-08-23 17:28:37.400487
s0461,t0072,3.3,False,2024-09-24 17:28:37.416115
s0372,t0047,3.5,True,2025-01-13 17:28:37.431739
s0349,t0156,3.4,True,2024-10-05 17:28:37.447363
s0746,t0194,4.2,False,2025-03-21 17:28:37.462985
s0325,t0159,3.1,False,2024-12-13 17:28:37.481612
s0992,t0054,3.6,True,2024-12-17 17:28:37.497244
s0259,t0019,5.0,True,2025-06-09 17:28:37.512864
s0698,t0167,3.2,True,2025-04-22 17:28:37.528491
s0956,t0179,3.4,False,2024-10-08 17:28:37.544114
s0768,t0149,3.5,True,2025-02-09 17:28:37.559739
s0796,t0187,3.2,True,2025-03-04 17:28:37.575365
s0862,t0075,3.8,True,2024-10-25 17:28:37.590994
s0871,t0025,4.0,True,2025-06-16 17:28:37.606616
s0863,t0070,4.0,True,2024-11-11 17:28:37.622245
s0952,t0063,4.0,False,2024-12-19 17:28:37.637866
s0142,t0194,3.6,False,2025-09-03 17:28:37.653493
s0576,t0175,3.6,True,2024-09-25 17:28:37.684746
s0602,t0089,3.6,True,2024-09-30 17:28:37.715997
s0483,t0138,3.7,True,2025-05-15 17:28:37.731623
s0310,t0033,4.0,True,2025-08-02 17:28:37.747246
s0908,t0051,4.2,True,2025-04-28 17:28:37.762869
s0408,t0112,3.7,False,2025-07-11 17:28:37.778488
s0148,t0146,3.4,False,2024-10-08 17:28:37.794117
s0214,t0093,3.9,True,2024-10-02 17:28:37.809742
s0220,t0047,3.5,True,2024-09-20 17:28:37.825365
s0632,t0065,3.8,False,2025-07-24 17:28:37.840988
s0941,t0139,3.8,True,2025-03-18 17:28:37.856615
s0696,t0140,4.4,True,2025-05-08 17:28:37.872242
s0026,t0025,4.2,True,2025-06-16 17:28:37.887865
s0182,t0050,3.0,False,2025-02-18 17:28:37.903489
s0345,t0103,3.5,True,2025-08-29 17:28:37.919114
s0890,t0146,3.7,True,2024-10-27 17:28:37.934740
s0330,t0188,4.6,True,2024-12-05 17:28:37.950364
s0309,t0167,3.3,True,2025-07-11 17:28:37.965992
s0946,t0015,3.7,False,2024-11-05 17:28:37.981619
s0547,t0048,3.2,False,2025-06-25 17:28:37.998083
s0941,t0188,4.6,True,2025-03-03 17:28:38.013719
s0541,t0119,3.7,True,2024-12-11 17:28:38.044962
s0188,t0175,3.2,True,2024-10-03 17:28:38.060587
s0088,t0180,3.8,True,2025-05-06 17:28:38.076211
s0286,t0179,3.3,True,2025-04-19 17:28:38.091835
s0113,t0038,4.3,False,2025-07-23 17:28:38.107463
s0672,t0129,3.3,True,2025-03-22 17:28:38.123086
s0145,t0092,4.1,False,2025-06-14 17:28:38.138725
s0083,t0085,4.6,False,2024-09-21 17:28:38.169974
s0325,t0142,3.7,True,2024-10-23 17:28:38.185595
s0943,t0032,3.8,True,2025-08-25 17:28:38.213782
s0304,t0054,3.0,False,2024-10-26 17:28:38.227774
s0483,t0092,3.5,True,2025-04-29 17:28:38.243484
s0448,t0048,3.8,True,2024-12-14 17:28:38.246036
s0835,t0118,3.8,True,2025-03-13 17:28:38.277287
s0045,t0052,4.4,True,2025-07-18 17:28:38.292911
s0718,t0189,3.9,True,2025-08-04 17:28:38.308537
s0753,t0042,3.6,True,2024-11-28 17:28:38.324164
s0568,t0168,5.0,True,2025-02-22 17:28:38.339786
s0338,t0008,3.6,False,2025-05-19 17:28:38.355411
s0942,t0034,3.6,True,2024-11-20 17:28:38.371036
s0304,t0182,3.1,True,2025-08-11 17:28:38.386663
s0723,t0194,4.7,False,2024-10-25 17:28:38.402287
s0108,t0066,3.8,False,2025-03-20 17:28:38.417915
s0749,t0011,4.3,True,2025-03-07 17:28:38.433539
s0628,t0036,4.1,False,2025-01-13 17:28:38.449165
s0523,t0029,3.8,True,2024-09-20 17:28:38.464796
s0324,t0044,3.4,True,2025-06-02 17:28:38.480416
s0712,t0051,4.3,True,2025-09-01 17:28:38.496037
s0555,t0074,2.9,False,2025-02-08 17:28:38.511664
s0570,t0070,3.2,False,2024-10-10 17:28:38.531138
s0890,t0150,3.5,False,2024-09-18 17:28:38.546774
s0449,t0199,3.2,True,2025-02-12 17:28:38.578015
s0900,t0018,3.8,True,2025-04-29 17:28:38.578015
s0361,t0182,3.0,True,2024-10-13 17:28:38.609266
s0716,t0039,4.1,True,2025-03-11 17:28:38.624893
s0588,t0132,3.5,True,2025-01-08 17:28:38.640516
s0201,t0157,4.4,True,2025-05-13 17:28:38.671764
s0638,t0191,4.2,False,2025-06-23 17:28:38.687391
s0556,t0020,4.3,True,2025-06-01 17:28:38.703017
s0188,t0147,4.1,True,2024-10-13 17:28:38.718641
s0687,t0179,3.7,True,2025-02-28 17:28:38.734265
s0627,t0122,3.8,True,2025-08-31 17:28:38.749901
s0035,t0155,4.8,True,2025-02-23 17:28:38.765516
s0178,t0093,3.8,True,2025-08-30 17:28:38.781141
s0408,t0104,2.9,True,2025-03-12 17:28:38.796766
s0150,t0064,3.8,True,2025-01-20 17:28:38.812390
s0828,t0049,4.3,False,2024-10-20 17:28:38.843645
s0719,t0042,3.4,True,2025-09-12 17:28:38.859268
s0847,t0125,4.3,True,2025-04-15 17:28:38.874895
s0294,t0114,3.2,True,2024-12-23 17:28:38.906139
s0852,t0075,3.5,True,2025-01-17 17:28:38.921770
s0967,t0163,4.0,True,2025-08-19 17:28:38.937395
s0452,t0108,4.1,True,2024-11-25 17:28:38.953016
s0487,t0194,3.7,True,2025-07-07 17:28:38.968642
s0682,t0032,3.9,False,2024-11-06 17:28:38.984265
s0414,t0017,3.3,True,2025-01-25 17:28:38.999892
s0592,t0030,4.0,False,2025-06-02 17:28:39.015555
s0086,t0005,3.7,True,2025-07-28 17:28:39.031159
s0901,t0081,3.3,False,2025-06-01 17:28:39.046768
s0934,t0142,4.4,True,2024-11-27 17:28:39.080692
s0156,t0132,3.7,True,2024-10-30 17:28:39.096307
s0431,t0156,3.5,False,2024-11-22 17:28:39.111937
s0360,t0139,4.1,True,2025-02-11 17:28:39.127557
s0540,t0180,3.4,True,2025-05-28 17:28:39.143181
s0690,t0124,3.4,True,2025-04-24 17:28:39.158819
s0355,t0113,4.1,True,2025-06-18 17:28:39.190061
s0058,t0198,4.5,True,2025-08-04 17:28:39.221320
s0569,t0093,4.2,True,2025-02-11 17:28:39.240187
s0619,t0157,3.8,True,2025-06-28 17:28:39.255941
s0053,t0171,4.5,True,2025-04-25 17:28:39.262480
s0516,t0165,4.6,False,2025-06-28 17:28:39.278104
s0811,t0065,3.4,True,2025-04-03 17:28:39.293735
s0950,t0165,4.4,False,2024-12-13 17:28:39.309360
s0372,t0081,3.4,True,2025-04-03 17:28:39.324981
s0912,t0085,4.1,True,2025-06-24 17:28:39.340604
s0914,t0128,4.3,False,2024-11-29 17:28:39.356238
s0722,t0005,4.1,True,2025-04-26 17:28:39.371854
s0266,t0108,4.3,True,2024-12-20 17:28:39.387484
s0046,t0068,3.8,False,2025-04-04 17:28:39.418730
s0603,t0028,3.4,True,2025-03-30 17:28:39.434356
s0032,t0109,4.0,False,2024-10-13 17:28:39.449980
s0597,t0042,3.4,True,2025-04-07 17:28:39.465609
s0630,t0051,3.7,True,2025-06-27 17:28:39.481240
s0840,t0167,3.6,True,2025-05-18 17:28:39.496858
s0474,t0151,4.2,True,2024-09-25 17:28:39.512480
s0522,t0064,3.0,True,2025-07-19 17:28:39.528108
s0414,t0125,4.0,True,2025-01-07 17:28:39.543727
s0074,t0106,3.3,True,2025-08-27 17:28:39.559351
s0933,t0150,4.0,True,2025-08-18 17:28:39.579465
s0315,t0025,3.9,False,2025-06-22 17:28:39.596624
s0152,t0042,3.8,True,2025-06-19 17:28:39.596624
s0155,t0136,3.6,True,2024-09-30 17:28:39.612253
s0561,t0093,4.0,True,2024-10-23 17:28:39.627878
s0948,t0142,3.6,True,2025-07-17 17:28:39.643498
s0325,t0181,3.7,True,2025-05-26 17:28:39.674748
s0401,t0150,3.3,True,2024-12-08 17:28:39.690372
s0453,t0051,4.1,True,2025-03-16 17:28:39.705997
s0825,t0129,3.8,False,2025-02-26 17:28:39.721624
s0499,t0085,4.4,True,2025-05-27 17:28:39.737246
s0130,t0046,3.4,True,2025-01-24 17:28:39.752872
s0322,t0034,3.6,True,2025-08-09 17:28:39.768498
s0376,t0104,3.4,True,2025-05-18 17:28:39.784123
s0767,t0073,3.2,True,2025-07-08 17:28:39.799748
s0025,t0089,3.4,False,2025-04-08 17:28:39.815377
s0301,t0020,3.7,True,2025-09-09 17:28:39.831001
s0817,t0184,3.0,False,2025-05-30 17:28:39.846629
s0985,t0042,3.4,True,2025-09-05 17:28:39.877872
s0733,t0183,3.6,True,2024-10-17 17:28:39.893497
s0479,t0126,4.0,False,2024-11-11 17:28:39.909123
s0329,t0170,4.4,True,2025-02-14 17:28:39.924750
s0740,t0056,3.6,True,2024-10-06 17:28:39.940373
s0416,t0081,3.7,True,2024-11-08 17:28:39.956000
s0550,t0093,3.7,True,2024-11-05 17:28:39.971626
s0755,t0139,4.3,False,2024-09-13 17:28:39.987247
s0574,t0145,4.2,False,2025-04-22 17:28:40.002876
s0297,t0072,3.4,True,2025-07-05 17:28:40.018502
s0875,t0164,3.5,True,2025-01-13 17:28:40.034120
s0735,t0093,3.8,True,2025-05-07 17:28:40.049774
s0911,t0036,3.4,True,2025-08-30 17:28:40.065381
s0878,t0008,3.7,True,2025-08-27 17:28:40.081005
s0547,t0113,3.4,True,2025-05-21 17:28:40.096628
s0612,t0188,4.7,True,2025-08-14 17:28:40.114277
s0064,t0076,2.7,False,2025-07-11 17:28:40.129910
s0868,t0058,4.3,False,2025-04-10 17:28:40.161160
s0550,t0109,4.2,True,2024-09-27 17:28:40.176790
s0935,t0093,4.0,True,2025-01-12 17:28:40.208050
s0397,t0127,3.4,True,2024-10-10 17:28:40.233956
s0106,t0006,4.1,False,2025-06-18 17:28:40.248665
s0803,t0084,4.2,True,2024-12-15 17:28:40.262217
s0823,t0085,4.3,True,2024-12-24 17:28:40.277842
s0211,t0039,4.5,True,2024-11-02 17:28:40.277842
s0166,t0076,3.7,True,2025-05-19 17:28:40.293469
s0041,t0118,3.9,False,2025-05-02 17:28:40.324714
s0979,t0041,3.6,True,2024-11-01 17:28:40.340338
s0127,t0163,3.5,True,2025-09-07 17:28:40.355965
s0017,t0025,4.4,False,2025-05-27 17:28:40.371590
s0718,t0029,3.4,False,2025-06-12 17:28:40.387216
s0117,t0104,3.7,False,2025-04-23 17:28:40.402846
s0432,t0025,4.8,True,2024-11-27 17:28:40.418469
s0853,t0021,3.3,True,2025-07-12 17:28:40.434091
s0757,t0173,4.0,True,2025-08-19 17:28:40.449716
s0144,t0113,3.5,True,2025-09-06 17:28:40.465348
s0770,t0025,4.2,True,2025-03-26 17:28:40.480971
s0957,t0051,4.2,True,2025-04-21 17:28:40.496600
s0851,t0179,3.8,True,2025-06-15 17:28:40.512214
s0109,t0028,4.0,True,2024-09-16 17:28:40.527841
s0414,t0042,3.2,False,2025-06-29 17:28:40.543467
s0291,t0037,3.8,False,2025-03-06 17:28:40.559090
s0364,t0163,3.6,True,2025-06-26 17:28:40.574716
s0760,t0056,3.6,False,2025-02-19 17:28:40.605966
s0543,t0093,4.5,True,2025-06-08 17:28:40.605966
s0243,t0136,3.9,False,2025-06-29 17:28:40.621595
s0571,t0003,3.8,True,2024-09-24 17:28:40.647368
s0754,t0099,4.5,True,2024-11-12 17:28:40.663003
s0553,t0193,2.8,True,2025-04-05 17:28:40.678621
s0143,t0036,3.9,True,2025-04-15 17:28:40.709872
s0871,t0025,4.1,True,2025-05-24 17:28:40.725496
s0478,t0139,4.4,True,2025-01-21 17:28:40.741127
s0608,t0048,3.7,False,2025-01-14 17:28:40.756751
s0582,t0051,4.3,True,2024-09-14 17:28:40.772371
s0812,t0050,3.4,True,2025-05-02 17:28:40.787998
s0936,t0163,3.5,True,2025-09-02 17:28:40.803626
s0548,t0025,4.5,True,2025-07-01 17:28:40.819249
s0378,t0190,4.1,True,2025-03-31 17:28:40.834872
s0639,t0155,4.0,True,2024-11-14 17:28:40.866122
s0115,t0053,3.2,False,2025-03-18 17:28:40.881751
s0522,t0149,3.8,True,2025-01-06 17:28:40.897375
s0083,t0127,3.8,True,2025-01-02 17:28:40.913000
s0775,t0028,3.7,False,2025-01-21 17:28:40.928623
s0067,t0015,4.5,False,2025-02-21 17:28:40.944250
s0534,t0067,3.3,True,2025-05-03 17:28:40.959872
s0674,t0057,4.3,True,2025-05-14 17:28:40.975497
s0287,t0106,3.5,True,2025-03-27 17:28:40.991126
s0814,t0103,3.7,True,2025-03-01 17:28:41.006747
s0698,t0105,3.6,True,2024-12-10 17:28:41.022371
s0504,t0126,3.9,True,2025-03-23 17:28:41.053624
s0142,t0158,3.4,True,2025-02-28 17:28:41.069249
s0767,t0073,3.2,False,2025-03-13 17:28:41.084871
s0271,t0147,4.2,False,2025-08-08 17:28:41.100496
s0716,t0029,3.2,True,2025-07-28 17:28:41.116124
s0917,t0197,4.5,True,2024-11-27 17:28:41.131761
s0496,t0165,5.0,True,2025-02-08 17:28:41.147380
s0249,t0173,3.5,False,2024-12-13 17:28:41.163002
s0550,t0054,3.4,True,2025-04-13 17:28:41.181512
s0304,t0182,3.4,True,2024-11-01 17:28:41.197143
s0919,t0155,3.5,False,2025-04-09 17:28:41.212772
s0179,t0156,3.9,True,2025-04-14 17:28:41.228397
s0718,t0051,4.7,False,2024-12-13 17:28:41.259662
s0319,t0095,4.2,True,2025-01-13 17:28:41.286727
s0239,t0097,3.5,False,2025-07-05 17:28:41.303468
s0487,t0070,3.5,True,2025-05-18 17:28:41.312074
s0844,t0106,3.9,True,2025-08-30 17:28:41.327699
s0487,t0189,4.0,True,2025-04-17 17:28:41.343326
s0850,t0005,3.9,True,2025-06-08 17:28:41.358949
s0283,t0062,3.9,False,2025-09-11 17:28:41.374574
s0391,t0171,3.7,False,2025-04-16 17:28:41.405823
s0595,t0081,4.0,True,2025-06-30 17:28:41.421446
s0480,t0180,4.1,True,2025-06-10 17:28:41.437080
s0538,t0072,3.2,True,2024-11-29 17:28:41.437080
s0229,t0005,4.0,True,2025-09-12 17:28:41.452699
s0115,t0073,3.5,True,2025-07-16 17:28:41.468325
s0457,t0040,3.4,True,2024-10-30 17:28:41.483953
s0190,t0155,4.0,True,2025-02-03 17:28:41.499573
s0144,t0105,3.8,True,2025-08-01 17:28:41.515246
s0235,t0145,4.2,False,2025-04-25 17:28:41.530827
s0710,t0141,3.4,True,2025-02-21 17:28:41.546452
s0269,t0029,3.6,False,2025-05-27 17:28:41.562075
s0430,t0029,4.0,True,2025-08-08 17:28:41.593328
s0234,t0175,3.4,True,2025-05-19 17:28:41.608955
s0481,t0189,4.0,True,2025-03-11 17:28:41.624575
s0595,t0064,3.8,False,2024-11-08 17:28:41.640200
s0359,t0147,3.3,True,2024-09-19 17:28:41.655823
s0140,t0047,3.5,False,2025-06-28 17:28:41.671448
s0765,t0003,4.0,False,2024-10-12 17:28:41.687073
s0034,t0046,3.6,False,2024-12-11 17:28:41.702702
s0612,t0102,4.1,False,2025-07-12 17:28:41.713983
s0110,t0132,3.0,True,2025-01-18 17:28:41.745238
s0666,t0123,4.2,True,2025-08-31 17:28:41.760861
s0834,t0095,4.0,True,2024-11-14 17:28:41.776492
s0719,t0168,4.2,True,2025-08-04 17:28:41.792112
s0758,t0087,4.1,True,2025-03-19 17:28:41.807737
s0362,t0009,4.3,True,2025-03-06 17:28:41.823362
s0030,t0017,3.7,True,2025-06-22 17:28:41.838987
s0209,t0093,4.0,True,2025-07-08 17:28:41.854609
s0801,t0075,4.2,True,2025-03-23 17:28:41.870237
s0979,t0015,4.5,False,2025-06-27 17:28:41.885863
s0131,t0016,3.4,True,2024-09-19 17:28:41.901484
s0007,t0128,4.5,False,2025-07-07 17:28:41.932734
s0173,t0040,3.6,True,2024-11-19 17:28:41.932734
s0554,t0047,3.5,True,2024-11-04 17:28:41.948369
s0538,t0191,4.1,True,2025-07-17 17:28:41.963986
s0061,t0191,3.4,True,2024-12-08 17:28:41.979616
s0674,t0087,3.8,True,2024-09-14 17:28:42.010867
s0883,t0112,3.2,True,2025-03-21 17:28:42.026486
s0850,t0190,4.5,True,2025-04-26 17:28:42.042111
s0738,t0080,4.1,False,2025-05-01 17:28:42.057738
s0268,t0186,3.8,True,2025-04-01 17:28:42.073362
s0463,t0017,4.1,True,2024-09-14 17:28:42.088988
s0940,t0146,4.2,False,2025-06-03 17:28:42.104611
s0429,t0019,5.0,True,2024-09-21 17:28:42.112738
s0859,t0063,4.8,True,2025-04-16 17:28:42.143991
s0649,t0002,3.2,True,2024-12-25 17:28:42.159614
s0724,t0109,3.5,True,2024-09-19 17:28:42.175238
s0461,t0190,4.3,True,2025-07-16 17:28:42.190868
s0780,t0065,3.3,True,2025-03-01 17:28:42.222123
s0137,t0046,3.7,True,2024-11-30 17:28:42.247883
s0142,t0076,2.9,True,2025-03-26 17:28:42.283470
s0367,t0171,4.5,True,2025-03-06 17:28:42.300303
s0779,t0029,4.6,False,2025-06-14 17:28:42.311769
s0657,t0073,3.5,True,2025-03-13 17:28:42.327392
s0930,t0042,3.7,True,2025-08-03 17:28:42.343022
s0181,t0040,3.8,True,2025-05-21 17:28:42.358642
s0914,t0193,3.1,True,2025-02-02 17:28:42.374266
s0558,t0060,3.4,False,2025-08-15 17:28:42.389892
s0383,t0024,3.1,False,2025-07-21 17:28:42.405519
s0447,t0171,4.3,True,2025-02-20 17:28:42.421148
s0523,t0103,3.1,True,2025-07-09 17:28:42.452395
s0289,t0044,2.8,True,2024-12-19 17:28:42.468016
s0645,t0017,4.0,True,2025-05-06 17:28:42.483644
s0722,t0033,4.1,True,2025-06-26 17:28:42.499268
s0643,t0171,4.8,True,2024-12-24 17:28:42.514951
s0433,t0054,3.1,True,2025-08-20 17:28:42.530529
s0467,t0141,4.2,True,2025-09-07 17:28:42.546150
s0664,t0146,4.1,True,2024-09-30 17:28:42.561775
s0008,t0017,3.7,True,2025-01-31 17:28:42.577396
s0769,t0127,4.2,False,2025-04-05 17:28:42.593019
s0113,t0159,3.2,True,2025-09-07 17:28:42.608644
s0388,t0044,2.9,True,2024-12-27 17:28:42.624271
s0265,t0128,3.9,True,2025-03-09 17:28:42.639895
s0701,t0032,4.0,True,2025-07-01 17:28:42.655519
s0915,t0053,4.0,True,2024-11-19 17:28:42.671145
s0261,t0043,3.3,True,2024-11-18 17:28:42.702395
s0370,t0193,3.0,True,2025-06-25 17:28:42.718019
s0849,t0099,3.8,True,2025-01-12 17:28:42.733644
s0639,t0136,2.9,True,2025-01-17 17:28:42.749271
s0820,t0147,3.4,True,2024-11-19 17:28:42.763566
s0046,t0072,3.0,True,2024-12-24 17:28:42.779197
s0087,t0080,4.3,False,2025-04-30 17:28:42.794820
s0166,t0177,3.0,True,2025-08-16 17:28:42.810444
s0615,t0155,3.7,False,2025-04-06 17:28:42.826067
s0880,t0033,4.3,False,2024-10-29 17:28:42.841696
s0933,t0040,3.4,False,2025-01-24 17:28:42.857316
s0120,t0147,3.9,False,2024-09-17 17:28:42.872946
s0957,t0109,4.1,True,2025-07-24 17:28:42.888567
s0057,t0163,3.3,False,2025-04-29 17:28:42.904194
s0946,t0097,3.8,False,2024-11-18 17:28:42.919820
s0738,t0056,3.5,True,2025-05-14 17:28:42.951067
s0982,t0064,3.6,True,2024-12-12 17:28:42.966701
s0892,t0138,3.7,False,2025-04-04 17:28:42.982317
s0298,t0007,3.9,True,2024-09-30 17:28:42.997951
s0791,t0181,3.8,True,2024-09-13 17:28:43.013575
s0560,t0184,3.7,True,2025-02-12 17:28:43.029195
s0064,t0138,3.2,False,2025-02-26 17:28:43.044836
s0129,t0131,3.6,False,2025-06-14 17:28:43.060444
s0380,t0067,3.8,True,2024-12-03 17:28:43.076066
s0600,t0155,4.4,False,2024-10-03 17:28:43.091693
s0534,t0164,3.4,True,2025-01-26 17:28:43.107317
s0101,t0159,3.6,True,2025-02-27 17:28:43.122944
s0366,t0187,4.0,True,2024-12-28 17:28:43.138566
s0290,t0099,4.7,True,2025-02-27 17:28:43.154194
s0418,t0069,3.2,True,2025-07-30 17:28:43.169819
s0233,t0018,3.3,True,2025-04-21 17:28:43.185443
s0882,t0075,4.0,False,2025-01-04 17:28:43.216697
s0097,t0110,3.5,False,2025-05-29 17:28:43.232331
s0780,t0184,3.4,True,2025-02-28 17:28:43.247958
s0388,t0185,3.6,True,2024-12-20 17:28:43.283248
s0160,t0096,4.0,True,2025-07-27 17:28:43.298966
s0818,t0138,3.5,False,2024-10-30 17:28:43.311550
s0768,t0122,3.0,True,2025-04-01 17:28:43.327172
s0018,t0060,3.4,True,2025-01-16 17:28:43.342799
s0411,t0031,3.2,False,2024-09-29 17:28:43.358427
s0917,t0092,3.7,False,2025-09-06 17:28:43.374049
s0211,t0081,3.7,True,2025-08-28 17:28:43.389672
s0414,t0020,4.6,False,2025-05-12 17:28:43.405300
s0205,t0068,3.8,True,2024-10-24 17:28:43.420924
s0698,t0010,4.4,True,2024-10-24 17:28:43.436549
s0634,t0035,3.8,True,2025-04-25 17:28:43.452174
s0651,t0139,4.7,True,2024-10-19 17:28:43.467796
s0777,t0080,4.5,True,2025-04-03 17:28:43.483426
s0683,t0132,3.7,True,2025-01-30 17:28:43.499053
s0913,t0017,3.9,False,2025-01-14 17:28:43.530299
s0079,t0104,3.1,True,2024-11-05 17:28:43.545929
s0662,t0075,3.4,True,2024-10-24 17:28:43.561551
s0666,t0062,3.8,True,2025-01-03 17:28:43.577176
s0773,t0157,4.9,True,2024-10-22 17:28:43.592796
s0222,t0026,4.8,True,2025-01-15 17:28:43.608423
s0688,t0105,4.5,True,2025-01-19 17:28:43.624049
s0194,t0060,3.6,True,2024-10-14 17:28:43.639675
s0391,t0151,3.8,True,2024-10-08 17:28:43.655299
s0144,t0005,3.7,True,2025-01-20 17:28:43.686555
s0101,t0131,3.9,True,2024-11-11 17:28:43.702175
s0404,t0008,3.4,True,2024-11-11 17:28:43.717801
s0506,t0013,4.5,False,2024-09-17 17:28:43.733426
s0178,t0093,3.7,True,2024-11-26 17:28:43.749050
s0645,t0091,2.9,False,2025-03-21 17:28:43.764688
s0245,t0017,3.5,True,2025-08-28 17:28:43.780310
s0315,t0074,3.9,False,2025-07-10 17:28:43.795927
s0176,t0132,3.1,True,2024-12-05 17:28:43.811551
s0314,t0119,4.2,False,2024-12-07 17:28:43.831313
s0284,t0132,3.2,True,2025-03-22 17:28:43.846948
s0500,t0163,3.0,True,2025-06-22 17:28:43.878192
s0149,t0074,3.5,True,2025-04-07 17:28:43.893817
s0151,t0193,4.0,True,2025-09-12 17:28:43.909441
s0585,t0050,3.3,False,2024-12-22 17:28:43.925065
s0919,t0051,4.4,True,2024-10-12 17:28:43.940692
s0701,t0157,4.7,False,2024-11-07 17:28:43.956314
s0559,t0008,3.2,True,2024-10-08 17:28:43.971942
s0644,t0051,4.1,True,2025-04-30 17:28:43.987567
s0058,t0120,4.3,True,2025-01-02 17:28:44.003190
s0122,t0186,4.1,True,2025-07-17 17:28:44.018822
s0136,t0093,3.7,False,2025-07-31 17:28:44.034440
s0720,t0136,3.5,True,2025-04-23 17:28:44.050066
s0844,t0081,3.4,True,2024-10-09 17:28:44.065690
s0716,t0095,3.5,False,2025-02-28 17:28:44.081323
s0958,t0199,4.4,True,2025-02-01 17:28:44.096959
s0408,t0159,3.2,False,2024-11-08 17:28:44.112568
s0453,t0129,3.9,True,2025-04-22 17:28:44.128194
s0637,t0132,3.0,False,2024-12-22 17:28:44.143816
s0610,t0112,3.8,True,2025-06-16 17:28:44.159445
s0346,t0020,4.4,False,2025-06-16 17:28:44.175070
s0516,t0197,4.5,True,2024-11-24 17:28:44.190690
s0423,t0057,4.3,True,2025-03-15 17:28:44.206319
s0537,t0169,4.2,True,2025-07-16 17:28:44.221939
s0591,t0126,3.3,False,2025-04-22 17:28:44.253213
s0855,t0147,3.4,False,2025-02-24 17:28:44.284462
s0595,t0184,3.0,False,2025-07-09 17:28:44.300069
s0288,t0139,4.5,True,2025-08-03 17:28:44.324345
s0370,t0046,3.5,True,2024-10-01 17:28:44.340079
s0416,t0077,3.7,True,2024-11-11 17:28:44.344633
s0235,t0189,4.3,False,2025-06-07 17:28:44.379009
s0371,t0168,4.2,True,2024-11-08 17:28:44.394629
s0122,t0171,4.3,False,2025-08-22 17:28:44.410261
s0878,t0015,4.8,True,2024-10-20 17:28:44.425881
s0330,t0159,3.9,False,2025-02-16 17:28:44.441507
s0370,t0051,3.9,True,2025-04-29 17:28:44.457131
s0754,t0095,3.5,True,2025-09-10 17:28:44.472752
s0796,t0014,4.2,True,2025-03-28 17:28:44.488378
s0337,t0102,3.7,False,2024-12-15 17:28:44.504005
s0133,t0142,3.9,False,2024-11-01 17:28:44.519628
s0392,t0158,3.2,True,2025-02-28 17:28:44.535253
s0184,t0119,3.9,True,2025-01-19 17:28:44.550879
s0269,t0063,4.6,True,2024-11-04 17:28:44.566503
s0836,t0038,4.2,True,2025-01-18 17:28:44.582129
s0975,t0167,3.8,True,2024-11-22 17:28:44.597758
s0457,t0105,3.8,False,2025-03-10 17:28:44.613383
s0975,t0036,3.4,True,2025-06-05 17:28:44.629006
s0560,t0012,4.6,True,2025-08-08 17:28:44.644633
s0382,t0054,3.5,True,2025-05-17 17:28:44.660255
s0303,t0121,3.6,True,2025-03-30 17:28:44.675875
s0246,t0199,4.2,True,2025-05-06 17:28:44.691509
s0489,t0025,3.8,True,2025-09-04 17:28:44.707134
s0415,t0109,3.8,False,2024-09-24 17:28:44.722755
s0927,t0096,3.8,True,2024-12-11 17:28:44.754005
s0752,t0106,3.9,False,2024-11-15 17:28:44.769636
s0211,t0039,4.0,True,2025-09-02 17:28:44.769636
s0512,t0052,4.3,True,2025-05-16 17:28:44.800879
s0041,t0165,4.5,True,2025-02-24 17:28:44.816509
s0125,t0142,3.9,True,2025-02-03 17:28:44.832127
s0173,t0051,4.3,True,2025-03-01 17:28:44.847759
s0308,t0163,3.8,False,2025-08-10 17:28:44.863379
s0442,t0182,3.9,True,2024-10-21 17:28:44.879007
s0454,t0044,3.3,True,2025-07-08 17:28:44.896764
s0787,t0195,4.0,True,2024-09-14 17:28:44.912392
s0561,t0112,3.3,True,2025-09-06 17:28:44.928017
s0876,t0130,4.2,True,2024-11-26 17:28:44.943641
s0223,t0021,4.2,False,2024-09-21 17:28:44.959267
s0806,t0094,4.5,True,2024-11-19 17:28:44.974889
s0812,t0157,4.2,True,2025-09-07 17:28:44.990514
s0623,t0187,4.2,True,2025-05-03 17:28:45.006138
s0217,t0021,3.7,True,2024-12-02 17:28:45.021765
s0333,t0065,3.6,False,2025-02-23 17:28:45.037391
s0407,t0006,3.8,False,2025-08-11 17:28:45.053017
s0340,t0051,4.7,True,2025-08-30 17:28:45.068640
s0623,t0166,3.5,True,2025-04-27 17:28:45.084268
s0949,t0060,3.8,True,2025-02-15 17:28:45.099894
s0430,t0184,3.4,True,2025-02-16 17:28:45.115530
s0510,t0132,3.0,False,2025-01-26 17:28:45.131140
s0249,t0046,3.5,True,2025-08-19 17:28:45.146770
s0973,t0150,3.4,True,2024-11-01 17:28:45.162401
s0024,t0104,3.4,True,2025-07-31 17:28:45.178016
s0168,t0075,4.3,True,2025-04-20 17:28:45.193645
s0585,t0054,3.6,True,2025-09-10 17:28:45.209266
s0643,t0043,4.2,True,2025-02-25 17:28:45.224900
s0541,t0136,4.3,True,2024-10-04 17:28:45.256159
s0756,t0115,4.0,False,2025-07-08 17:28:45.271787
s0831,t0147,4.2,False,2025-07-10 17:28:45.287399
s0222,t0126,3.5,True,2025-04-06 17:28:45.320075
s0391,t0194,4.0,True,2025-09-12 17:28:45.334859
s0249,t0070,3.8,True,2025-01-22 17:28:45.344379
s0209,t0191,3.6,True,2025-08-12 17:28:45.360002
s0389,t0137,4.4,False,2025-03-16 17:28:45.375627
s0029,t0070,3.2,True,2024-09-19 17:28:45.391251
s0272,t0136,3.5,True,2025-08-24 17:28:45.413054
s0867,t0085,4.3,True,2025-04-27 17:28:45.428686
s0533,t0063,4.3,True,2025-08-01 17:28:45.444307
s0678,t0049,3.7,False,2025-04-18 17:28:45.459939
s0827,t0038,4.0,False,2025-05-02 17:28:45.475558
s0869,t0089,3.4,True,2025-05-17 17:28:45.491183
s0179,t0100,4.0,True,2025-02-02 17:28:45.522433
s0392,t0110,3.3,True,2024-10-07 17:28:45.538056
s0147,t0174,4.0,False,2025-08-06 17:28:45.553682
s0792,t0044,3.8,True,2025-06-15 17:28:45.569308
s0793,t0099,4.5,True,2025-02-16 17:28:45.584932
s0037,t0085,4.4,True,2025-04-11 17:28:45.600557
s0050,t0104,3.6,True,2024-10-13 17:28:45.616182
s0162,t0122,3.0,True,2025-04-16 17:28:45.631808
s0255,t0092,3.4,False,2024-11-26 17:28:45.647474
s0851,t0057,5.0,True,2025-08-07 17:28:45.663068
s0884,t0028,3.5,False,2025-02-27 17:28:45.678691
s0240,t0191,3.9,False,2025-08-08 17:28:45.694306
s0355,t0113,4.3,True,2025-04-13 17:28:45.709931
s0134,t0067,3.2,True,2025-07-02 17:28:45.725557
s0134,t0047,3.5,True,2025-06-24 17:28:45.741185
s0533,t0133,3.5,True,2025-05-29 17:28:45.756805
s0113,t0083,2.8,True,2024-10-10 17:28:45.788064
s0938,t0026,4.4,True,2025-05-24 17:28:45.803679
s0655,t0188,4.2,True,2024-10-15 17:28:45.819310
s0614,t0030,3.4,True,2025-06-24 17:28:45.834932
s0138,t0129,3.9,True,2024-12-13 17:28:45.850559
s0832,t0128,4.5,True,2025-04-26 17:28:45.866182
s0475,t0033,4.0,True,2025-05-16 17:28:45.881817
s0683,t0182,2.8,False,2025-02-16 17:28:45.897433
s0857,t0154,3.9,True,2024-12-31 17:28:45.913060
s0675,t0115,3.5,True,2025-08-09 17:28:45.928689
s0702,t0189,3.4,False,2025-01-31 17:28:45.946391
s0047,t0068,4.2,True,2024-11-03 17:28:45.962021
s0081,t0005,3.9,True,2024-10-15 17:28:45.977646
s0339,t0044,3.5,False,2025-05-23 17:28:45.993275
s0966,t0002,3.9,True,2025-02-25 17:28:46.008901
s0523,t0039,4.2,True,2024-12-06 17:28:46.024522
s0634,t0128,4.1,True,2025-07-04 17:28:46.040147
s0173,t0042,3.7,True,2024-10-05 17:28:46.055775
s0302,t0159,3.8,True,2025-01-24 17:28:46.071395
s0527,t0067,3.2,True,2025-08-07 17:28:46.102644
s0742,t0068,4.1,True,2025-04-22 17:28:46.118271
s0238,t0147,3.5,True,2024-09-21 17:28:46.133896
s0222,t0180,3.4,True,2025-05-25 17:28:46.149523
s0269,t0145,4.0,True,2025-06-21 17:28:46.165147
s0623,t0166,3.8,True,2025-02-01 17:28:46.180775
s0437,t0047,3.2,True,2024-09-15 17:28:46.196400
s0950,t0037,4.3,True,2025-05-10 17:28:46.212026
s0781,t0142,3.3,False,2024-11-13 17:28:46.243272
s0184,t0039,4.3,False,2024-11-06 17:28:46.258903
s0345,t0001,4.6,True,2025-03-24 17:28:46.274534
s0666,t0037,4.6,True,2024-09-14 17:28:46.305785
s0504,t0065,3.6,True,2024-10-24 17:28:46.332529
s0125,t0035,4.8,True,2025-08-27 17:28:46.345286
s0885,t0155,3.7,True,2024-12-27 17:28:46.359281
s0343,t0064,3.6,True,2024-11-12 17:28:46.363361
s0806,t0108,3.7,True,2025-07-03 17:28:46.378989
s0977,t0121,3.3,True,2025-06-17 17:28:46.410233
s0949,t0008,3.5,True,2025-02-10 17:28:46.425857
s0634,t0032,3.4,True,2025-06-24 17:28:46.441488
s0033,t0036,3.1,False,2025-06-13 17:28:46.457108
s0030,t0097,3.0,True,2025-06-21 17:28:46.479353
s0274,t0186,4.0,False,2025-03-31 17:28:46.494988
s0620,t0189,4.7,True,2025-08-10 17:28:46.510609
s0502,t0141,3.7,False,2025-08-04 17:28:46.526233
s0760,t0188,4.3,True,2024-09-22 17:28:46.541863
s0523,t0016,3.6,True,2025-03-29 17:28:46.557487
s0748,t0092,3.0,True,2024-10-23 17:28:46.573107
s0997,t0091,3.8,False,2025-09-07 17:28:46.588732
s0851,t0135,4.1,True,2025-02-23 17:28:46.619980
s0144,t0151,3.9,True,2025-04-27 17:28:46.635606
s0051,t0192,3.1,True,2025-03-24 17:28:46.651232
s0311,t0178,3.3,True,2024-10-21 17:28:46.666857
s0568,t0020,4.2,True,2025-01-14 17:28:46.682482
s0940,t0095,3.8,True,2025-07-30 17:28:46.698106
s0365,t0115,4.4,True,2025-02-24 17:28:46.713737
s0706,t0168,4.7,True,2025-02-16 17:28:46.729371
s0448,t0148,4.7,True,2024-11-29 17:28:46.744983
s0457,t0046,4.4,True,2025-02-20 17:28:46.760629
s0834,t0137,4.6,True,2025-03-17 17:28:46.776233
s0187,t0055,4.5,True,2025-03-17 17:28:46.791857
s0838,t0104,3.2,True,2025-07-11 17:28:46.807487
s0627,t0109,4.4,True,2025-08-23 17:28:46.823108
s0929,t0137,4.1,False,2025-08-13 17:28:46.838732
s0308,t0163,3.0,True,2025-02-21 17:28:46.854361
s0072,t0037,4.4,False,2025-05-08 17:28:46.869982
s0645,t0059,4.4,True,2025-06-03 17:28:46.885610
s0553,t0187,3.9,True,2025-04-21 17:28:46.901231
s0694,t0064,3.2,False,2025-04-12 17:28:46.932483
s0196,t0195,4.0,True,2025-06-30 17:28:46.948109
s0932,t0025,4.6,True,2025-04-17 17:28:46.963749
s0798,t0078,4.2,False,2024-10-31 17:28:46.979362
s0465,t0195,4.3,True,2024-10-03 17:28:46.994986
s0522,t0197,3.5,True,2025-03-27 17:28:47.012756
s0048,t0018,3.3,True,2025-03-27 17:28:47.028387
s0189,t0082,4.6,False,2025-05-27 17:28:47.044011
s0959,t0147,4.5,True,2025-03-04 17:28:47.059637
s0341,t0145,4.4,True,2025-08-23 17:28:47.075260
s0948,t0095,4.4,False,2025-06-21 17:28:47.090885
s0633,t0110,3.9,True,2025-08-08 17:28:47.106511
s0279,t0051,4.4,True,2025-08-03 17:28:47.122139
s0488,t0161,3.7,True,2025-03-10 17:28:47.137759
s0763,t0183,3.6,True,2024-09-21 17:28:47.153385
s0022,t0189,4.0,True,2025-01-13 17:28:47.169010
s0175,t0091,3.1,True,2024-12-14 17:28:47.184636
s0261,t0179,3.1,True,2025-03-08 17:28:47.200259
s0031,t0072,3.6,True,2024-10-27 17:28:47.215884
s0603,t0042,3.1,False,2025-06-27 17:28:47.231509
s0599,t0088,3.6,True,2025-04-11 17:28:47.247138
s0224,t0029,3.4,True,2024-11-28 17:28:47.262769
s0369,t0036,3.8,False,2024-11-18 17:28:47.294013
s0501,t0146,3.7,True,2025-03-29 17:28:47.309646
s0768,t0018,2.8,True,2025-08-10 17:28:47.340885
s0365,t0064,3.6,True,2025-02-10 17:28:47.358959
s0241,t0142,3.7,True,2025-04-23 17:28:47.374735
s0811,t0138,3.0,False,2024-11-27 17:28:47.392883
s0858,t0065,3.8,True,2025-02-22 17:28:47.408508
s0580,t0017,3.8,True,2025-01-11 17:28:47.424136
s0891,t0109,3.4,True,2024-12-09 17:28:47.439758
s0476,t0049,3.8,False,2024-12-15 17:28:47.455382
s0774,t0097,3.8,True,2025-04-25 17:28:47.471010
s0534,t0149,3.7,True,2024-11-16 17:28:47.486637
s0328,t0149,3.1,False,2025-09-08 17:28:47.502264
s0684,t0100,3.7,True,2024-12-19 17:28:47.529184
s0858,t0065,4.0,True,2025-03-23 17:28:47.544814
s0031,t0081,3.9,True,2025-06-09 17:28:47.560449
s0452,t0126,3.5,True,2025-07-28 17:28:47.576063
s0778,t0077,2.7,True,2025-02-19 17:28:47.591687
s0274,t0194,3.6,False,2025-08-09 17:28:47.607316
s0454,t0106,3.4,True,2025-09-09 17:28:47.622938
s0701,t0047,3.5,True,2025-06-25 17:28:47.638566
s0014,t0093,4.0,True,2025-01-28 17:28:47.654187
s0989,t0074,3.5,True,2025-06-25 17:28:47.669812
s0022,t0024,3.3,True,2025-02-09 17:28:47.685438
s0865,t0093,3.5,False,2024-12-17 17:28:47.701061
s0663,t0073,3.6,True,2025-05-25 17:28:47.716689
s0632,t0027,4.2,True,2024-10-15 17:28:47.732312
s0704,t0036,4.2,True,2025-06-24 17:28:47.747936
s0341,t0145,4.1,True,2025-04-20 17:28:47.763574
s0359,t0072,3.4,True,2025-03-18 17:28:47.779198
s0881,t0080,3.5,True,2025-05-05 17:28:47.794822
s0498,t0132,2.9,False,2025-01-29 17:28:47.810438
s0448,t0092,3.0,True,2025-01-10 17:28:47.826062
s0672,t0055,4.9,True,2025-06-17 17:28:47.841688
s0989,t0097,3.7,True,2025-04-20 17:28:47.857313
s0365,t0073,2.9,True,2025-04-01 17:28:47.872938
s0574,t0186,3.4,True,2025-03-29 17:28:47.904186
s0716,t0146,3.8,True,2025-04-14 17:28:47.919812
s0179,t0104,3.4,True,2025-08-17 17:28:47.935436
s0038,t0196,4.3,False,2024-11-19 17:28:47.951059
s0331,t0030,3.3,True,2024-11-08 17:28:47.966686
s0867,t0194,3.4,False,2025-07-20 17:28:47.982312
s0429,t0142,3.8,True,2025-05-29 17:28:47.997938
s0599,t0029,3.9,False,2025-08-06 17:28:48.013567
s0347,t0090,3.1,True,2025-01-29 17:28:48.029190
s0109,t0021,4.2,True,2025-06-27 17:28:48.044815
s0125,t0086,4.6,True,2025-05-29 17:28:48.060443
s0026,t0135,4.6,True,2025-06-01 17:28:48.079314
s0192,t0178,3.4,False,2025-04-06 17:28:48.094943
s0353,t0031,3.8,True,2024-11-20 17:28:48.110570
s0333,t0089,3.3,False,2025-03-10 17:28:48.126195
s0389,t0181,3.6,True,2025-04-24 17:28:48.141818
s0085,t0080,4.1,True,2025-03-12 17:28:48.157443
s0049,t0083,3.5,True,2024-11-19 17:28:48.173067
s0372,t0067,3.3,True,2025-02-20 17:28:48.188697
s0713,t0113,3.3,True,2025-06-13 17:28:48.204323
s0564,t0025,4.2,True,2025-04-29 17:28:48.235566
s0073,t0133,4.5,False,2025-03-19 17:28:48.251190
s0528,t0095,3.9,False,2024-11-25 17:28:48.266820
s0640,t0147,3.9,True,2025-05-16 17:28:48.282446
s0001,t0083,3.2,True,2025-02-04 17:28:48.298074
s0468,t0073,3.4,True,2024-11-19 17:28:48.329327
s0348,t0042,2.9,True,2025-03-24 17:28:48.344948
s0088,t0069,4.0,True,2025-08-13 17:28:48.373377
s0725,t0129,3.1,True,2025-08-10 17:28:48.389088
s0087,t0185,3.1,True,2025-01-28 17:28:48.393671
s0682,t0042,3.2,True,2024-12-19 17:28:48.409297
s0032,t0142,3.9,True,2025-07-26 17:28:48.424920
s0681,t0075,4.4,True,2025-05-01 17:28:48.440549
s0687,t0095,3.6,True,2024-12-09 17:28:48.471795
s0185,t0093,4.0,True,2025-08-21 17:28:48.487422
s0809,t0042,3.1,True,2025-09-10 17:28:48.503048
s0476,t0064,3.1,True,2025-06-27 17:28:48.518671
s0521,t0192,2.9,False,2025-08-28 17:28:48.534301
s0211,t0191,3.9,True,2024-10-26 17:28:48.549922
s0477,t0165,3.8,True,2025-02-05 17:28:48.565545
s0473,t0089,3.4,True,2025-01-01 17:28:48.581187
s0783,t0057,4.9,True,2025-03-08 17:28:48.595631
s0173,t0176,4.0,True,2024-12-14 17:28:48.611263
s0303,t0121,3.5,True,2025-06-11 17:28:48.626894
s0565,t0109,4.1,True,2024-10-17 17:28:48.642516
s0241,t0021,3.9,True,2025-05-24 17:28:48.658135
s0946,t0024,3.1,True,2024-11-15 17:28:48.673762
s0985,t0181,4.1,True,2024-12-07 17:28:48.689394
s0633,t0110,3.0,False,2025-07-22 17:28:48.720635
s0110,t0129,4.1,True,2024-11-03 17:28:48.736258
s0249,t0148,4.3,False,2025-01-10 17:28:48.751885
s0647,t0089,3.6,True,2025-08-31 17:28:48.767509
s0221,t0123,4.1,False,2025-08-21 17:28:48.783134
s0692,t0157,4.4,True,2024-10-18 17:28:48.798760
s0831,t0132,4.0,True,2025-06-27 17:28:48.814385
s0175,t0104,3.1,False,2024-10-29 17:28:48.830012
s0899,t0018,3.1,True,2025-07-16 17:28:48.845640
s0454,t0121,3.4,False,2024-09-13 17:28:48.861267
s0627,t0121,3.8,True,2025-04-27 17:28:48.876886
s0604,t0120,3.6,False,2025-02-08 17:28:48.892511
s0142,t0141,3.4,True,2025-01-17 17:28:48.908134
s0751,t0158,3.7,False,2025-02-18 17:28:48.923764
s0238,t0029,3.6,True,2024-10-24 17:28:48.939388
s0801,t0116,4.5,True,2025-07-17 17:28:48.955010
s0471,t0055,3.8,False,2025-08-21 17:28:48.970643
s0293,t0126,3.5,True,2024-10-29 17:28:49.001885
s0471,t0157,4.0,True,2025-09-03 17:28:49.017514
s0004,t0178,3.5,False,2025-02-23 17:28:49.033136
s0672,t0020,4.3,True,2025-03-01 17:28:49.048760
s0351,t0089,3.5,True,2024-09-22 17:28:49.064385
s0882,t0106,3.1,True,2024-09-27 17:28:49.080014
s0376,t0156,3.3,True,2025-08-20 17:28:49.095646
s0417,t0139,4.1,True,2025-03-07 17:28:49.111269
s0285,t0178,3.9,True,2024-09-28 17:28:49.128957
s0554,t0093,3.6,False,2025-09-02 17:28:49.144598
s0607,t0151,3.5,True,2025-04-14 17:28:49.160216
s0265,t0127,2.9,True,2025-05-22 17:28:49.175835
s0782,t0178,3.0,True,2025-03-18 17:28:49.207087
s0955,t0109,3.5,True,2025-03-30 17:28:49.222712
s0221,t0137,4.1,True,2024-10-21 17:28:49.238339
s0530,t0158,3.3,True,2025-04-18 17:28:49.253962
s0589,t0155,3.8,True,2024-10-15 17:28:49.269594
s0039,t0165,4.4,False,2025-09-05 17:28:49.285212
s0204,t0081,3.2,True,2024-11-15 17:28:49.300836
s0739,t0185,3.8,False,2024-11-21 17:28:49.332091
s0319,t0138,3.8,True,2024-09-28 17:28:49.363343
s0058,t0005,4.0,True,2025-03-20 17:28:49.378969
s0491,t0105,3.6,True,2025-04-02 17:28:49.404474
s0241,t0129,3.3,True,2025-06-01 17:28:49.426801
s0816,t0042,3.0,True,2024-12-24 17:28:49.458049
s0288,t0093,4.6,True,2025-05-16 17:28:49.473675
s0085,t0092,3.8,False,2025-08-05 17:28:49.504924
s0443,t0115,3.6,False,2024-11-04 17:28:49.520548
s0836,t0129,3.6,True,2025-06-14 17:28:49.536175
s0109,t0021,3.8,False,2025-06-28 17:28:49.551799
s0512,t0185,3.1,True,2025-06-09 17:28:49.567432
s0824,t0092,3.7,False,2024-10-27 17:28:49.583047
s0287,t0106,2.9,True,2025-09-08 17:28:49.598678
s0015,t0114,3.8,False,2025-03-24 17:28:49.614302
s0862,t0155,4.2,True,2025-07-14 17:28:49.629937
s0497,t0118,3.5,True,2024-11-30 17:28:49.645551
s0465,t0102,3.8,True,2025-07-26 17:28:49.661929
s0095,t0110,3.4,True,2025-07-01 17:28:49.677562
s0183,t0073,3.4,True,2025-02-10 17:28:49.693182
s0365,t0199,3.4,True,2025-08-22 17:28:49.708810
s0099,t0072,3.2,False,2025-06-04 17:28:49.740059
s0311,t0008,3.4,True,2025-01-09 17:28:49.755685
s0452,t0103,4.0,True,2024-12-24 17:28:49.771307
s0026,t0035,4.7,False,2024-10-15 17:28:49.786930
s0010,t0097,3.9,False,2025-07-28 17:28:49.802559
s0942,t0099,4.2,False,2025-01-24 17:28:49.818180
s0910,t0128,3.9,True,2025-03-31 17:28:49.833804
s0207,t0192,2.7,True,2025-01-06 17:28:49.849432
s0036,t0179,3.4,True,2025-07-20 17:28:49.865056
s0773,t0102,3.3,True,2025-06-17 17:28:49.880699
s0096,t0129,3.5,True,2025-03-26 17:28:49.896314
s0744,t0008,3.5,True,2025-04-09 17:28:49.911934
s0376,t0029,3.6,True,2025-07-18 17:28:49.927560
s0496,t0020,5.0,True,2025-03-19 17:28:49.943186
s0052,t0191,4.2,True,2024-10-06 17:28:49.958811
s0623,t0128,5.0,True,2024-10-09 17:28:49.974437
s0079,t0155,4.2,True,2024-12-30 17:28:49.990055
s0830,t0136,3.9,False,2025-06-28 17:28:50.005682
s0872,t0047,3.8,True,2025-02-09 17:28:50.036933
s0891,t0047,3.3,True,2024-10-17 17:28:50.052558
s0045,t0166,3.3,True,2025-06-01 17:28:50.068181
s0689,t0015,4.3,False,2024-12-20 17:28:50.083807
s0831,t0146,3.3,True,2025-03-29 17:28:50.099432
s0800,t0192,3.1,True,2025-01-19 17:28:50.115059
s0520,t0198,4.3,True,2025-05-29 17:28:50.127474
s0416,t0017,3.6,True,2025-03-25 17:28:50.143102
s0532,t0164,3.2,True,2025-05-12 17:28:50.158725
s0975,t0192,2.9,True,2024-10-30 17:28:50.174350
s0633,t0098,4.0,True,2024-10-21 17:28:50.195417
s0559,t0046,4.2,True,2025-06-15 17:28:50.211046
s0487,t0073,2.9,True,2025-08-20 17:28:50.226670
s0188,t0181,4.1,False,2024-11-06 17:28:50.242294
s0835,t0126,3.8,True,2024-10-19 17:28:50.273550
s0772,t0077,3.5,True,2025-08-12 17:28:50.289171
s0641,t0163,3.3,True,2025-06-28 17:28:50.304801
s0852,t0091,2.9,False,2025-03-03 17:28:50.336046
s0314,t0034,3.2,True,2024-10-25 17:28:50.351671
s0617,t0030,3.8,True,2025-02-01 17:28:50.398559
s0814,t0009,4.6,True,2025-06-01 17:28:50.429803
s0822,t0186,3.9,True,2025-07-12 17:28:50.450268
s0773,t0157,5.0,False,2025-01-07 17:28:50.467071
s0317,t0112,3.2,True,2024-11-05 17:28:50.476533
s0118,t0074,3.3,True,2025-05-10 17:28:50.492163
s0575,t0090,4.1,False,2025-03-25 17:28:50.507783
s0594,t0140,3.7,False,2024-11-26 17:28:50.523409
s0331,t0179,3.3,True,2024-12-26 17:28:50.539034
s0974,t0050,2.8,True,2025-01-18 17:28:50.554657
s0057,t0121,3.8,True,2025-08-28 17:28:50.570284
s0853,t0188,4.1,True,2025-07-03 17:28:50.585907
s0336,t0139,4.5,True,2024-12-22 17:28:50.601534
s0298,t0189,3.5,False,2024-09-26 17:28:50.617156
s0662,t0075,4.3,True,2024-12-08 17:28:50.648409
s0158,t0008,3.0,False,2025-03-18 17:28:50.664033
s0298,t0007,3.6,False,2024-12-24 17:28:50.679664
s0716,t0153,3.8,True,2025-02-20 17:28:50.695285
s1000,t0026,4.1,True,2025-05-09 17:28:50.711817
s0700,t0029,4.4,True,2024-09-22 17:28:50.727447
s0247,t0150,3.3,True,2025-02-02 17:28:50.743066
s0387,t0128,4.0,True,2025-02-16 17:28:50.758693
s0848,t0121,4.0,True,2024-11-22 17:28:50.774318
s0557,t0025,4.0,False,2025-07-18 17:28:50.789944
s0537,t0142,3.7,True,2024-10-31 17:28:50.805568
s0750,t0075,3.6,False,2025-01-03 17:28:50.821192
s0618,t0103,3.4,True,2025-08-04 17:28:50.836820
s0965,t0038,4.4,True,2025-05-19 17:28:50.868068
s0976,t0004,3.5,True,2024-12-03 17:28:50.883696
s0078,t0091,3.0,True,2025-04-24 17:28:50.899318
s0509,t0050,3.8,False,2025-04-12 17:28:50.914944
s0952,t0042,2.9,True,2025-08-02 17:28:50.930568
s0410,t0009,4.7,True,2025-02-25 17:28:50.946241
s0078,t0178,3.3,True,2024-09-14 17:28:50.961834
s0403,t0054,2.8,False,2025-06-02 17:28:50.977449
s0119,t0092,3.7,False,2024-10-09 17:28:50.993069
s0331,t0163,3.7,True,2025-08-24 17:28:51.008698
s0901,t0132,3.0,True,2025-05-10 17:28:51.024318
s0142,t0141,3.4,True,2025-05-10 17:28:51.055565
s0144,t0193,3.6,True,2025-01-09 17:28:51.071194
s0854,t0164,3.6,False,2025-04-17 17:28:51.086820
s0051,t0092,3.5,True,2025-08-28 17:28:51.102443
s0671,t0127,3.1,False,2025-05-21 17:28:51.118067
s0216,t0078,4.1,True,2025-01-24 17:28:51.133696
s0480,t0073,3.2,True,2025-05-27 17:28:51.149316
s0368,t0139,4.5,True,2025-06-07 17:28:51.164945
s0307,t0090,3.1,True,2024-12-22 17:28:51.180570
s0535,t0051,4.0,True,2025-06-23 17:28:51.196195
s0334,t0065,3.8,True,2025-07-04 17:28:51.211827
s0437,t0073,3.0,True,2025-09-08 17:28:51.227450
s0530,t0164,3.4,False,2025-03-04 17:28:51.245145
s0969,t0021,3.5,True,2025-02-26 17:28:51.260777
s0141,t0036,3.6,True,2025-06-09 17:28:51.276402
s0159,t0106,3.5,True,2025-07-24 17:28:51.292025
s0389,t0063,4.1,True,2025-04-14 17:28:51.307649
s0251,t0177,2.8,True,2025-05-05 17:28:51.338898
s0076,t0036,3.9,False,2025-08-26 17:28:51.354536
s0362,t0038,4.9,True,2025-01-23 17:28:51.385789
s0199,t0097,4.0,True,2024-12-23 17:28:51.401411
s0823,t0002,3.8,True,2025-08-03 17:28:51.420984
s0732,t0033,3.9,False,2024-09-14 17:28:51.435397
s0821,t0182,3.9,True,2025-06-08 17:28:51.442997
s0239,t0164,3.3,False,2025-04-12 17:28:51.458620
s0162,t0122,3.4,True,2025-07-09 17:28:51.474243
s0588,t0166,3.2,True,2025-07-27 17:28:51.489873
s0773,t0037,4.5,True,2025-05-01 17:28:51.505497
s0924,t0182,3.3,True,2025-01-09 17:28:51.521122
s0598,t0192,3.0,True,2025-07-18 17:28:51.552373
s0642,t0003,4.4,False,2025-05-07 17:28:51.568001
s0514,t0125,4.6,True,2025-07-21 17:28:51.583626
s0986,t0131,3.7,False,2024-12-29 17:28:51.599247
s0028,t0193,3.5,True,2025-06-26 17:28:51.614869
s0572,t0181,4.2,True,2025-08-22 17:28:51.630492
s0709,t0099,4.1,False,2025-03-18 17:28:51.646128
s0260,t0092,3.8,True,2025-05-11 17:28:51.646128
s0148,t0029,3.4,True,2024-12-26 17:28:51.661752
s0204,t0062,3.6,True,2025-06-04 17:28:51.677374
s0493,t0099,4.1,True,2024-10-30 17:28:51.708623
s0391,t0200,2.9,False,2025-07-24 17:28:51.724250
s0841,t0154,3.7,True,2024-09-29 17:28:51.739871
s0893,t0028,3.0,True,2024-12-06 17:28:51.755500
s0870,t0147,3.6,False,2025-08-13 17:28:51.778415
s0082,t0017,4.0,True,2025-01-26 17:28:51.794044
s0571,t0044,2.9,True,2025-03-01 17:28:51.809666
s0835,t0012,4.0,True,2025-06-13 17:28:51.825294
s0607,t0178,2.8,True,2024-12-25 17:28:51.840917
s0176,t0042,3.5,False,2025-02-01 17:28:51.856539
s0971,t0141,4.1,True,2025-09-10 17:28:51.872166
s0986,t0002,3.5,True,2025-02-25 17:28:51.887790
s0059,t0184,3.7,False,2025-04-02 17:28:51.903415
s0852,t0112,3.6,False,2024-10-03 17:28:51.919041
s0118,t0138,3.6,True,2025-04-18 17:28:51.934665
s0109,t0118,4.0,False,2025-09-03 17:28:51.950299
s0569,t0078,4.2,True,2024-10-28 17:28:51.965916
s0728,t0054,2.9,True,2024-11-19 17:28:51.981541
s0195,t0032,4.4,True,2025-05-29 17:28:51.997164
s0295,t0194,4.4,True,2024-10-15 17:28:52.012796
s0942,t0028,3.7,True,2025-06-16 17:28:52.028420
s0909,t0033,3.6,False,2025-01-19 17:28:52.044043
s0122,t0018,3.6,True,2024-11-01 17:28:52.059668
s0140,t0109,4.1,False,2025-09-05 17:28:52.075291
s0915,t0053,3.2,False,2025-06-24 17:28:52.090916
s0168,t0180,3.5,True,2024-10-30 17:28:52.106546
s0914,t0136,4.5,True,2025-05-23 17:28:52.122169
s0803,t0048,3.2,True,2025-07-25 17:28:52.137793
s0079,t0184,3.5,True,2025-02-11 17:28:52.169039
s0798,t0029,4.0,False,2025-07-30 17:28:52.169039
s0103,t0182,3.5,True,2024-11-27 17:28:52.200288
s0905,t0042,2.9,True,2025-06-03 17:28:52.215917
s0066,t0118,3.8,True,2024-09-23 17:28:52.215917
s0695,t0020,3.7,True,2025-08-12 17:28:52.247165
s0433,t0054,3.0,True,2025-03-02 17:28:52.262794
s0661,t0081,3.4,False,2025-06-18 17:28:52.278427
s0763,t0147,3.9,True,2025-07-01 17:28:52.294045
s0677,t0034,3.1,True,2025-03-13 17:28:52.311567
s0140,t0081,3.5,True,2025-06-22 17:28:52.327196
s0536,t0134,3.7,True,2025-02-03 17:28:52.342819
s0884,t0097,3.4,True,2025-03-15 17:28:52.358448
s0405,t0199,3.2,False,2025-03-29 17:28:52.374080
s0938,t0026,4.7,True,2025-05-29 17:28:52.405331
s0967,t0017,4.1,True,2025-01-02 17:28:52.432107
s0301,t0017,4.2,True,2025-05-08 17:28:52.447835
s0922,t0040,3.2,False,2025-06-21 17:28:52.459455
s0881,t0146,4.0,True,2025-04-04 17:28:52.475080
s0997,t0081,3.2,True,2024-11-08 17:28:52.490706
s0524,t0032,4.4,True,2025-03-02 17:28:52.506331
s0897,t0155,4.4,True,2025-09-12 17:28:52.521959
s0434,t0029,4.4,True,2025-03-29 17:28:52.537581
s0255,t0003,4.8,True,2025-03-20 17:28:52.553204
s0286,t0112,3.9,True,2025-01-21 17:28:52.568829
s0873,t0105,3.6,True,2024-12-18 17:28:52.584456
s0577,t0124,3.7,True,2025-01-19 17:28:52.600080
s0069,t0074,4.0,True,2025-03-29 17:28:52.615709
s0946,t0015,4.4,True,2025-07-15 17:28:52.631328
s0760,t0057,4.3,True,2024-11-17 17:28:52.646957
s0705,t0025,4.9,False,2025-02-17 17:28:52.662590
s0557,t0097,3.5,True,2025-02-27 17:28:52.678214
s0339,t0200,2.6,True,2024-12-01 17:28:52.693831
s0351,t0065,3.5,True,2025-07-07 17:28:52.709457
s0022,t0189,4.2,True,2025-07-15 17:28:52.725085
s0815,t0042,3.6,False,2025-01-05 17:28:52.756331
s0495,t0193,3.3,True,2025-01-17 17:28:52.771955
s0814,t0136,4.0,True,2025-03-26 17:28:52.787581
s0007,t0069,3.6,True,2024-10-01 17:28:52.803205
s0132,t0143,4.3,True,2025-01-31 17:28:52.818829
s0221,t0197,3.5,False,2024-12-22 17:28:52.834455
s0080,t0128,4.4,True,2024-12-06 17:28:52.844549
s0927,t0013,3.3,True,2025-08-31 17:28:52.875801
s0772,t0051,4.2,True,2024-12-01 17:28:52.891428
s0780,t0192,3.3,True,2025-04-15 17:28:52.907056
s0474,t0046,3.2,True,2025-03-23 17:28:52.922678
s0820,t0097,3.5,True,2025-04-03 17:28:52.938308
s0899,t0121,3.3,True,2025-05-31 17:28:52.953927
s0423,t0189,3.9,True,2025-07-01 17:28:52.969552
s0740,t0137,3.8,True,2025-01-03 17:28:53.000803
s0294,t0073,3.4,False,2025-02-22 17:28:53.016430
s0221,t0133,4.2,True,2024-12-16 17:28:53.032052
s0822,t0191,4.0,False,2025-09-10 17:28:53.063305
s0415,t0155,4.1,True,2024-10-19 17:28:53.078976
s0098,t0175,3.7,True,2025-08-07 17:28:53.094563
s0371,t0189,4.1,True,2025-05-04 17:28:53.110182
s0846,t0157,4.1,True,2024-10-30 17:28:53.125820
s0704,t0046,3.5,True,2025-05-24 17:28:53.141432
s0454,t0033,3.9,False,2025-07-31 17:28:53.157052
s0617,t0070,2.9,True,2025-04-14 17:28:53.172679
s0034,t0186,4.2,True,2025-07-26 17:28:53.188302
s0560,t0178,3.8,True,2025-06-30 17:28:53.203928
s0032,t0075,4.4,True,2024-12-29 17:28:53.219552
s0539,t0148,4.6,True,2025-08-02 17:28:53.235178
s0794,t0091,3.2,True,2025-08-10 17:28:53.250806
s0397,t0025,4.4,True,2024-12-22 17:28:53.266428
s0724,t0114,3.5,True,2025-02-14 17:28:53.282058
s0083,t0179,3.5,True,2025-02-16 17:28:53.297683
s0575,t0090,3.4,False,2025-06-26 17:28:53.313305
s0824,t0140,4.3,True,2025-04-10 17:28:53.328935
s0562,t0186,3.3,True,2025-08-19 17:28:53.344553
s0907,t0112,3.6,False,2024-11-07 17:28:53.361243
s0277,t0192,3.5,False,2025-02-13 17:28:53.376882
s0822,t0074,3.8,True,2024-12-07 17:28:53.408137
s0402,t0189,4.2,True,2025-06-22 17:28:53.423766
s0324,t0014,4.3,True,2024-09-14 17:28:53.455539
s0370,t0194,3.5,True,2025-07-22 17:28:53.471266
s0609,t0157,4.3,True,2025-02-11 17:28:53.475838
s0878,t0180,3.5,False,2025-01-17 17:28:53.491463
s0598,t0073,3.9,False,2025-01-19 17:28:53.507090
s0903,t0102,3.9,True,2025-02-15 17:28:53.522714
s0515,t0070,3.1,True,2025-04-03 17:28:53.538340
s0433,t0139,4.3,True,2025-04-08 17:28:53.569593
s0700,t0191,4.0,False,2025-03-02 17:28:53.585214
s0020,t0096,3.6,True,2024-09-19 17:28:53.600841
s0498,t0153,3.4,False,2025-06-02 17:28:53.616467
s0991,t0044,3.3,True,2025-08-10 17:28:53.632092
s0579,t0064,3.5,True,2024-12-09 17:28:53.647716
s0205,t0097,3.6,True,2024-10-21 17:28:53.663339
s0088,t0068,4.4,True,2025-05-13 17:28:53.678966
s0741,t0024,2.9,False,2025-03-20 17:28:53.694612
s0047,t0003,3.8,True,2024-12-28 17:28:53.710220
s0018,t0038,4.5,False,2024-10-27 17:28:53.725840
s0061,t0051,4.6,False,2025-07-03 17:28:53.741466
s0829,t0003,4.1,True,2025-03-15 17:28:53.757090
s0750,t0147,3.6,False,2024-10-01 17:28:53.772719
s0080,t0021,4.3,False,2025-06-12 17:28:53.788337
s0606,t0085,4.0,True,2025-01-11 17:28:53.803970
s0950,t0157,4.3,True,2025-06-29 17:28:53.819594
s0064,t0142,3.7,True,2024-10-14 17:28:53.835219
s0075,t0188,4.1,True,2024-12-26 17:28:53.850844
s0079,t0091,3.2,True,2024-10-27 17:28:53.882093
s0591,t0179,3.3,True,2025-01-26 17:28:53.897718
s0105,t0106,3.1,False,2024-12-06 17:28:53.911185
s0324,t0147,4.0,True,2025-01-09 17:28:53.926817
s0304,t0182,4.0,True,2024-11-27 17:28:53.942440
s0197,t0133,3.4,False,2025-06-19 17:28:53.958071
s0635,t0118,3.7,True,2025-07-15 17:28:53.973695
s0938,t0006,4.6,True,2024-11-05 17:28:53.989317
s0694,t0036,3.7,True,2025-08-13 17:28:54.004940
s0479,t0132,3.5,True,2025-05-17 17:28:54.020565
s0759,t0095,3.9,True,2025-04-25 17:28:54.036189
s0460,t0114,3.4,False,2025-05-15 17:28:54.051817
s0446,t0194,4.3,True,2025-04-20 17:28:54.067441
s0798,t0113,4.1,True,2024-09-26 17:28:54.083064
s0973,t0193,3.1,True,2025-04-05 17:28:54.098692
s0749,t0056,3.6,True,2025-03-17 17:28:54.114319
s0286,t0127,3.3,False,2024-10-18 17:28:54.145603
s0103,t0029,3.6,True,2025-02-21 17:28:54.161204
s0274,t0046,3.3,True,2025-04-12 17:28:54.176816
s0702,t0104,3.4,True,2025-05-07 17:28:54.192441
s0463,t0139,3.9,True,2025-02-14 17:28:54.208065
s0777,t0180,3.6,True,2025-03-10 17:28:54.223693
s0273,t0097,3.6,False,2025-08-18 17:28:54.239319
s0026,t0038,5.0,True,2025-02-25 17:28:54.254943
s0689,t0147,4.0,True,2025-03-01 17:28:54.286193
s0319,t0154,4.1,True,2024-10-20 17:28:54.301812
s0647,t0186,4.1,False,2025-03-16 17:28:54.301812
s0300,t0182,3.4,True,2024-09-14 17:28:54.317439
s0227,t0143,4.4,True,2025-02-01 17:28:54.348689
s0357,t0074,3.4,True,2025-01-19 17:28:54.364314
s0698,t0017,3.4,True,2025-07-12 17:28:54.379938
s0040,t0191,3.7,True,2025-03-26 17:28:54.395570
s0939,t0108,4.5,True,2025-03-31 17:28:54.411197
s0048,t0015,4.2,True,2024-12-17 17:28:54.444945
s0685,t0093,3.7,True,2024-09-27 17:28:54.472972
s0994,t0126,3.3,True,2025-06-06 17:28:54.488759
s0961,t0158,3.4,True,2025-08-24 17:28:54.492262
s0435,t0030,3.9,True,2025-02-04 17:28:54.507887
s0094,t0146,3.1,True,2025-04-04 17:28:54.539136
s0162,t0073,3.2,False,2025-01-28 17:28:54.539136
s0592,t0106,3.8,True,2025-05-17 17:28:54.570388
s0382,t0073,3.0,True,2024-10-28 17:28:54.586017
s0776,t0065,3.9,True,2025-03-29 17:28:54.601637
s0418,t0008,3.5,True,2025-04-20 17:28:54.617264
s0974,t0146,3.3,True,2024-09-30 17:28:54.632891
s0938,t0178,3.0,True,2025-08-25 17:28:54.648510
s0767,t0175,4.1,False,2025-01-11 17:28:54.664137
s0666,t0031,3.5,True,2025-06-14 17:28:54.679764
s0289,t0070,2.8,True,2024-09-17 17:28:54.695404
s0201,t0099,3.4,True,2025-05-10 17:28:54.711024
s0402,t0149,3.6,True,2025-09-01 17:28:54.726643
s0891,t0047,3.3,True,2025-06-13 17:28:54.742262
s0403,t0054,3.0,True,2025-07-07 17:28:54.757890
s0231,t0093,4.5,True,2025-07-15 17:28:54.773514
s0971,t0157,4.3,True,2024-12-12 17:28:54.789140
s0953,t0020,4.3,True,2025-01-08 17:28:54.804768
s0425,t0137,4.1,True,2025-08-06 17:28:54.820391
s0579,t0097,3.9,True,2025-04-07 17:28:54.836012
s0785,t0076,2.7,True,2024-12-23 17:28:54.867262
s0458,t0102,3.3,True,2024-10-02 17:28:54.882888
s0160,t0148,3.9,True,2024-12-31 17:28:54.898512
s0235,t0019,3.9,True,2025-04-15 17:28:54.914137
s0728,t0034,3.2,True,2024-10-15 17:28:54.929761
s0423,t0085,4.5,True,2025-02-09 17:28:54.945392
s0496,t0140,4.3,True,2025-08-27 17:28:54.960833
s0344,t0184,3.4,True,2025-05-24 17:28:54.976463
s0893,t0063,4.2,True,2024-11-02 17:28:54.992091
s0194,t0060,3.4,True,2024-12-30 17:28:55.007715
s0848,t0101,2.8,True,2024-12-07 17:28:55.023341
s0920,t0138,3.1,True,2024-12-24 17:28:55.038960
s0509,t0149,3.2,True,2025-04-19 17:28:55.054585
s0602,t0093,3.9,False,2025-03-26 17:28:55.070208
s0518,t0194,4.1,False,2024-12-27 17:28:55.085834
s0250,t0072,3.4,True,2025-08-15 17:28:55.117086
s0379,t0040,3.5,True,2025-04-15 17:28:55.132709
s0663,t0179,3.5,True,2025-03-19 17:28:55.148335
s0481,t0158,3.8,True,2025-04-15 17:28:55.163967
s0536,t0132,3.0,True,2025-03-18 17:28:55.179583
s0900,t0018,3.8,True,2025-07-22 17:28:55.195209
s0177,t0141,4.2,True,2025-05-12 17:28:55.210844
s0730,t0048,3.8,True,2025-08-06 17:28:55.226462
s0873,t0191,3.3,True,2025-08-20 17:28:55.242087
s0569,t0073,3.1,False,2025-03-24 17:28:55.257714
s0039,t0055,4.7,False,2025-08-16 17:28:55.273335
s0657,t0129,3.2,True,2025-05-31 17:28:55.288959
s0415,t0143,4.2,True,2024-12-23 17:28:55.304585
s0720,t0193,3.5,False,2025-06-04 17:28:55.320214
s0003,t0120,4.4,True,2025-01-03 17:28:55.335839
s0665,t0074,3.3,True,2025-05-28 17:28:55.351460
s0261,t0179,3.2,False,2025-06-14 17:28:55.367091
s0976,t0180,3.5,True,2025-07-19 17:28:55.382713
s0350,t0059,4.0,True,2025-02-05 17:28:55.413962
s0727,t0008,3.3,True,2025-08-18 17:28:55.429590
s0899,t0182,3.0,True,2025-08-16 17:28:55.445218
s0035,t0075,3.7,True,2025-05-11 17:28:55.460843
s0486,t0186,4.1,True,2024-09-13 17:28:55.488399
s0629,t0145,4.4,True,2025-09-02 17:28:55.503104
s0455,t0003,3.6,False,2025-05-20 17:28:55.508678
s0410,t0029,4.3,True,2025-04-11 17:28:55.524303
s0388,t0189,3.6,True,2024-10-13 17:28:55.539928
s0985,t0194,4.2,True,2025-06-27 17:28:55.571177
s0612,t0092,3.7,True,2025-01-06 17:28:55.586801
s0050,t0104,2.8,True,2025-01-15 17:28:55.602427
s0974,t0129,3.2,True,2024-12-21 17:28:55.618052
s0810,t0158,3.2,True,2025-06-16 17:28:55.633677
s0431,t0132,3.3,True,2025-05-05 17:28:55.649303
s0079,t0192,3.1,True,2025-08-06 17:28:55.664929
s0614,t0129,3.4,True,2024-11-13 17:28:55.680552
s0640,t0003,4.5,True,2025-03-30 17:28:55.696180
s0348,t0112,3.0,True,2025-06-25 17:28:55.711814
s0044,t0142,4.0,True,2025-04-03 17:28:55.727431
s0642,t0147,3.5,True,2024-10-10 17:28:55.743057
s0821,t0112,3.4,True,2025-07-23 17:28:55.774302
s0594,t0149,3.3,True,2025-02-25 17:28:55.789928
s0597,t0047,3.6,True,2025-04-01 17:28:55.805554
s0372,t0077,3.3,True,2024-12-31 17:28:55.821178
s0885,t0075,4.3,False,2025-04-09 17:28:55.836802
s0166,t0073,3.6,True,2025-06-09 17:28:55.852429
s0008,t0091,2.9,True,2024-11-05 17:28:55.883677
s0595,t0133,3.9,True,2025-03-15 17:28:55.899301
s0534,t0104,3.2,True,2025-04-30 17:28:55.914926
s0689,t0063,5.0,True,2025-03-28 17:28:55.930553
s0215,t0067,3.6,True,2025-07-23 17:28:55.946179
s0870,t0042,3.7,False,2024-09-16 17:28:55.961810
s0870,t0179,3.3,True,2025-02-26 17:28:55.977432
s0902,t0068,3.9,False,2025-01-05 17:28:55.993057
s0908,t0017,3.2,True,2025-01-15 17:28:56.008679
s0257,t0047,2.8,True,2025-05-06 17:28:56.027309
s0252,t0128,4.7,True,2025-02-03 17:28:56.042937
s0015,t0017,3.8,True,2025-02-11 17:28:56.058561
s0833,t0024,3.4,False,2025-04-25 17:28:56.074183
s0884,t0028,3.9,True,2025-01-17 17:28:56.089813
s0285,t0129,4.4,True,2025-06-19 17:28:56.105437
s0836,t0119,3.4,True,2025-02-07 17:28:56.121058
s0367,t0129,3.7,False,2025-05-04 17:28:56.136683
s0081,t0147,3.8,True,2025-08-06 17:28:56.152313
s0583,t0015,4.0,True,2025-06-17 17:28:56.183559
s0393,t0102,3.0,False,2024-11-10 17:28:56.199187
s0582,t0051,3.8,True,2025-08-03 17:28:56.214810
s0273,t0097,4.1,True,2025-02-02 17:28:56.230435
s0188,t0051,3.7,True,2025-07-13 17:28:56.246061
s0041,t0162,4.2,False,2025-03-07 17:28:56.261688
s0636,t0015,4.3,True,2025-08-11 17:28:56.277315
s0015,t0191,3.8,True,2025-02-25 17:28:56.292939
s0876,t0147,3.8,True,2024-10-17 17:28:56.308562
s0453,t0033,4.2,False,2025-03-06 17:28:56.324188
s0197,t0025,4.4,True,2025-09-13 17:28:56.339812
s0005,t0049,4.0,True,2024-09-13 17:28:56.355436
s0608,t0048,4.2,True,2025-02-09 17:28:56.371061
s0019,t0002,3.9,True,2024-12-04 17:28:56.386685
s0305,t0030,4.1,True,2025-06-28 17:28:56.417936
s0165,t0155,3.7,True,2024-11-24 17:28:56.433569
s0122,t0200,3.4,True,2024-10-08 17:28:56.449194
s0858,t0008,3.5,True,2025-02-04 17:28:56.480437
s0850,t0023,4.3,True,2024-10-17 17:28:56.503806
s0455,t0062,3.7,False,2025-02-28 17:28:56.521603
s0185,t0047,3.4,True,2024-09-16 17:28:56.525121
s0877,t0081,3.6,False,2024-10-26 17:28:56.543707
s0810,t0008,3.6,True,2025-01-04 17:28:56.559340
s0845,t0175,3.5,True,2025-07-06 17:28:56.574962
s0775,t0090,3.5,True,2025-01-14 17:28:56.606211
s0464,t0084,4.5,False,2025-08-24 17:28:56.621836
s0532,t0175,4.0,True,2024-12-05 17:28:56.637462
s0032,t0051,3.7,True,2025-06-18 17:28:56.653086
s0597,t0114,4.3,False,2025-01-18 17:28:56.668715
s0954,t0109,3.8,True,2025-06-06 17:28:56.684336
s0237,t0138,3.3,False,2025-05-23 17:28:56.699961
s0563,t0006,4.9,True,2025-04-03 17:28:56.715588
s0876,t0130,3.7,True,2025-03-30 17:28:56.731211
s0597,t0042,3.7,False,2024-12-22 17:28:56.746836
s0183,t0148,4.0,False,2025-07-26 17:28:56.762463
s0394,t0147,3.9,True,2025-05-12 17:28:56.778096
s0382,t0199,4.0,True,2024-11-06 17:28:56.793717
s0792,t0044,3.1,True,2025-05-16 17:28:56.809344
s0999,t0106,2.9,True,2025-03-08 17:28:56.824967
s0583,t0179,3.3,False,2025-03-04 17:28:56.840593
s0294,t0112,3.5,False,2024-12-08 17:28:56.856213
s0049,t0083,3.6,True,2025-02-06 17:28:56.871841
s0035,t0139,4.2,True,2025-05-08 17:28:56.887461
s0495,t0037,4.5,True,2024-10-16 17:28:56.903088
s0148,t0179,2.7,True,2025-01-25 17:28:56.918712
s0534,t0088,3.9,True,2024-11-22 17:28:56.934337
s0857,t0020,4.1,True,2025-07-23 17:28:56.949963
s0989,t0187,4.0,True,2025-05-21 17:28:56.981216
s0431,t0137,5.0,False,2025-07-01 17:28:56.981216
s0779,t0029,4.1,False,2025-03-17 17:28:56.996837
s0025,t0003,4.1,True,2025-05-13 17:28:57.028113
s0869,t0088,3.1,True,2025-04-23 17:28:57.028113
s0032,t0005,3.6,True,2025-01-21 17:28:57.059342
s0084,t0094,4.0,True,2024-12-06 17:28:57.059342
s0213,t0114,4.2,True,2024-12-06 17:28:57.077269
s0199,t0097,3.6,False,2025-02-12 17:28:57.092904
s0635,t0078,4.0,True,2025-09-04 17:28:57.108523
s0146,t0156,3.2,True,2025-08-24 17:28:57.124152
s0625,t0148,4.2,True,2025-05-18 17:28:57.139774
s0045,t0051,4.2,False,2025-08-27 17:28:57.155402
s0367,t0074,3.2,True,2025-01-23 17:28:57.171027
s0083,t0016,3.9,False,2024-12-18 17:28:57.186652
s0321,t0147,4.2,False,2024-11-28 17:28:57.217901
s0244,t0092,3.2,False,2025-03-01 17:28:57.233531
s0449,t0107,3.6,False,2024-11-28 17:28:57.249153
s0347,t0124,3.5,True,2025-07-29 17:28:57.264770
s0378,t0137,3.9,True,2025-03-26 17:28:57.296023
s0719,t0148,4.1,True,2024-12-07 17:28:57.311647
s0833,t0054,3.4,True,2025-04-23 17:28:57.327287
s0332,t0076,3.4,True,2025-08-10 17:28:57.342905
s0929,t0055,4.1,True,2025-08-02 17:28:57.358525
s0069,t0141,4.0,True,2025-03-23 17:28:57.374148
s0696,t0136,4.2,True,2025-09-07 17:28:57.389770
s0959,t0050,3.7,True,2025-02-13 17:28:57.405399
s0180,t0075,3.5,True,2025-04-22 17:28:57.421021
s0489,t0096,3.6,True,2025-01-07 17:28:57.436648
s0038,t0077,3.0,True,2024-11-21 17:28:57.467910
s0347,t0090,3.4,True,2025-09-10 17:28:57.499158
s0530,t0073,2.8,False,2025-03-18 17:28:57.529384
s0201,t0047,3.0,True,2024-11-03 17:28:57.543393
s0153,t0109,3.6,True,2024-10-12 17:28:57.556760
s0030,t0034,3.9,False,2025-04-24 17:28:57.573802
s0227,t0142,4.0,True,2024-12-26 17:28:57.589430
s0354,t0046,3.8,True,2024-12-29 17:28:57.610244
s0432,t0157,3.9,True,2025-05-10 17:28:57.610244
s0957,t0166,3.3,True,2025-06-03 17:28:57.641498
s0149,t0146,3.9,True,2025-05-03 17:28:57.657122
s0286,t0127,3.7,False,2025-06-25 17:28:57.672752
s0207,t0075,3.8,False,2024-10-12 17:28:57.688375
s0332,t0178,3.9,True,2025-06-30 17:28:57.704001
s0555,t0067,3.6,True,2025-03-03 17:28:57.719627
s0492,t0114,2.9,True,2025-09-11 17:28:57.735249
s0839,t0068,3.6,True,2025-01-31 17:28:57.750877
s0428,t0047,3.2,False,2025-05-31 17:28:57.766500
s0774,t0147,3.9,True,2024-11-12 17:28:57.782123
s0443,t0077,3.1,True,2025-07-27 17:28:57.797748
s0747,t0181,4.4,False,2025-03-10 17:28:57.813377
s0117,t0088,3.2,True,2024-11-24 17:28:57.829001
s0440,t0026,4.4,True,2025-04-05 17:28:57.844626
s0484,t0033,3.6,True,2025-08-15 17:28:57.860257
s0225,t0002,3.6,True,2025-06-06 17:28:57.875877
s0065,t0189,3.2,True,2025-06-01 17:28:57.907123
s0539,t0097,3.6,False,2025-04-03 17:28:57.922749
s0721,t0148,4.4,True,2025-04-28 17:28:57.938374
s0660,t0015,4.2,True,2024-11-05 17:28:57.953999
s0070,t0020,4.5,True,2024-12-26 17:28:57.969625
s0055,t0182,4.0,True,2024-11-18 17:28:57.985247
s0858,t0093,3.3,True,2024-11-20 17:28:58.000875
s0464,t0142,3.7,False,2025-08-14 17:28:58.016501
s0721,t0072,4.2,True,2025-04-10 17:28:58.032123
s0574,t0110,3.4,True,2025-07-19 17:28:58.047748
s0095,t0014,4.4,False,2024-10-24 17:28:58.063372
s0685,t0007,3.2,True,2024-12-03 17:28:58.079000
s0806,t0038,4.3,True,2025-05-14 17:28:58.094630
s0869,t0088,3.5,False,2025-09-04 17:28:58.110249
s0480,t0041,4.7,True,2025-01-26 17:28:58.125876
s0320,t0075,4.0,True,2025-03-26 17:28:58.144646
s0316,t0008,3.5,True,2025-05-13 17:28:58.160286
s0016,t0149,3.6,True,2025-07-29 17:28:58.175908
s0360,t0024,3.1,False,2025-09-13 17:28:58.191528
s0319,t0154,4.1,False,2025-04-12 17:28:58.207149
s0502,t0156,3.6,False,2024-10-25 17:28:58.222779
s0220,t0005,3.8,False,2024-10-23 17:28:58.238401
s0176,t0114,3.9,False,2025-09-09 17:28:58.254024
s0931,t0067,2.9,False,2025-01-28 17:28:58.269650
s0499,t0015,3.7,False,2024-09-22 17:28:58.300898
s0544,t0147,3.6,True,2025-07-02 17:28:58.316521
s0246,t0155,4.0,True,2025-05-16 17:28:58.332149
s0592,t0110,3.1,True,2025-05-20 17:28:58.347776
s0256,t0009,4.1,True,2024-12-24 17:28:58.363402
s0965,t0132,2.9,True,2024-11-20 17:28:58.379029
s0272,t0112,3.6,True,2024-11-27 17:28:58.394651
s0672,t0165,3.8,True,2024-09-15 17:28:58.410280
s0799,t0146,4.0,True,2025-05-19 17:28:58.425903
s0217,t0042,3.1,True,2024-11-05 17:28:58.441526
s0203,t0005,3.4,True,2025-07-14 17:28:58.472784
s0791,t0050,3.6,True,2025-04-08 17:28:58.504039
s0708,t0021,3.9,True,2025-05-31 17:28:58.535273
s0599,t0029,3.6,True,2024-12-09 17:28:58.565161
s0075,t0191,3.5,True,2025-01-22 17:28:58.574651
s0370,t0073,3.6,True,2025-05-25 17:28:58.590275
s0281,t0138,3.4,True,2025-07-23 17:28:58.605902
s0411,t0199,3.2,False,2025-06-30 17:28:58.621524
s0997,t0067,2.7,True,2025-06-24 17:28:58.637147
s0651,t0127,4.1,True,2025-02-11 17:28:58.660026
s0590,t0180,3.7,True,2025-05-25 17:28:58.675657
s0273,t0029,3.6,False,2024-10-30 17:28:58.691282
s0946,t0097,3.2,True,2025-07-22 17:28:58.706905
s0482,t0028,3.7,True,2025-06-25 17:28:58.722532
s0702,t0033,3.5,True,2025-06-14 17:28:58.753781
s0027,t0125,3.6,True,2025-04-10 17:28:58.769407
s0356,t0182,3.3,False,2025-02-15 17:28:58.800654
s0921,t0026,4.8,True,2025-04-27 17:28:58.816282
s0319,t0034,3.4,True,2025-07-25 17:28:58.831908
s0835,t0142,4.1,False,2025-02-21 17:28:58.847533
s0863,t0046,4.4,True,2024-11-01 17:28:58.863154
s0594,t0168,4.5,True,2025-05-04 17:28:58.878781
s0394,t0182,2.9,True,2025-01-25 17:28:58.894420
s0082,t0017,4.3,True,2024-11-29 17:28:58.910041
s0060,t0055,4.5,True,2025-05-05 17:28:58.925657
s0695,t0069,3.0,True,2025-06-27 17:28:58.941285
s0550,t0046,3.6,True,2025-01-17 17:28:58.956909
s0302,t0084,4.6,True,2025-01-07 17:28:58.972529
s0955,t0054,3.0,True,2025-06-16 17:28:58.988156
s0196,t0190,4.2,True,2025-06-09 17:28:59.003780
s0746,t0070,2.9,False,2025-07-31 17:28:59.035028
s0185,t0029,3.9,False,2025-02-04 17:28:59.050652
s0770,t0057,4.6,True,2025-06-05 17:28:59.066279
s0047,t0068,4.3,True,2024-12-04 17:28:59.081903
s0256,t0066,3.8,True,2025-06-24 17:28:59.097529
s0496,t0129,3.7,False,2025-02-25 17:28:59.113155
s0013,t0131,3.7,False,2025-04-10 17:28:59.128784
s0232,t0138,4.0,True,2025-06-25 17:28:59.144408
s0595,t0132,2.9,True,2025-06-16 17:28:59.144408
s0889,t0147,4.4,True,2025-04-18 17:28:59.160034
s0278,t0189,4.4,False,2024-11-06 17:28:59.175659
s0806,t0138,3.7,False,2024-10-13 17:28:59.208761
s0855,t0142,3.8,True,2025-07-29 17:28:59.224400
s0027,t0093,3.9,False,2025-06-16 17:28:59.240008
s0335,t0139,4.5,True,2025-01-05 17:28:59.255637
s0820,t0092,3.6,True,2025-06-23 17:28:59.271260
s0375,t0158,4.2,True,2024-09-20 17:28:59.286887
s0563,t0120,4.4,True,2025-06-13 17:28:59.302508
s0534,t0047,3.6,False,2025-06-13 17:28:59.318134
s0139,t0088,4.0,True,2025-06-27 17:28:59.333758
s0285,t0065,3.4,True,2024-12-11 17:28:59.349382
s0464,t0043,3.3,True,2025-03-25 17:28:59.365012
s0070,t0166,3.0,True,2025-03-15 17:28:59.380634
s0525,t0076,3.0,False,2025-04-30 17:28:59.396257
s0109,t0042,3.2,True,2025-03-09 17:28:59.411891
s0895,t0072,3.1,True,2025-05-01 17:28:59.427513
s0851,t0037,4.5,True,2025-06-17 17:28:59.443133
s0923,t0170,4.0,True,2025-03-13 17:28:59.458763
s0513,t0155,3.6,True,2024-09-27 17:28:59.474386
s0778,t0149,4.0,True,2025-04-29 17:28:59.521260
s0743,t0183,3.9,True,2025-04-13 17:28:59.536882
s0579,t0018,2.7,True,2025-08-13 17:28:59.580519
s0024,t0033,3.9,False,2025-04-13 17:28:59.599195
s0236,t0073,3.1,True,2025-02-14 17:28:59.607821
s0146,t0158,3.5,True,2025-04-14 17:28:59.623445
s0702,t0110,3.6,False,2024-09-21 17:28:59.639071
s0392,t0047,3.2,True,2025-04-27 17:28:59.654699
s0435,t0153,3.7,True,2024-11-04 17:28:59.670322
s0591,t0054,2.6,True,2025-02-22 17:28:59.685945
s0941,t0123,3.7,True,2025-05-07 17:28:59.701574
s0616,t0181,4.0,True,2025-02-09 17:28:59.726143
s0951,t0105,3.9,True,2025-04-25 17:28:59.741774
s0965,t0075,3.7,True,2025-06-06 17:28:59.773611
s0181,t0166,3.5,True,2025-05-15 17:28:59.797904
s0209,t0191,4.3,True,2024-12-28 17:28:59.813704
s0492,t0068,4.1,True,2024-12-31 17:28:59.836383
s0495,t0102,3.7,True,2025-09-04 17:28:59.857200
s0725,t0084,4.4,True,2025-03-12 17:28:59.872840
s0189,t0117,4.0,False,2025-07-14 17:28:59.904090
s0084,t0167,4.1,True,2025-03-25 17:28:59.919715
s0368,t0032,4.1,True,2025-08-30 17:28:59.950965
s0442,t0182,3.6,True,2025-07-11 17:28:59.966613
s0879,t0063,4.4,False,2025-05-20 17:28:59.997846
s0004,t0157,3.8,True,2025-05-07 17:29:00.029094
s0582,t0106,3.6,True,2025-01-16 17:29:00.060344
s0467,t0191,3.6,True,2025-05-25 17:29:00.091589
s0268,t0199,3.6,True,2025-05-19 17:29:00.169722
s0568,t0132,3.1,True,2024-10-09 17:29:00.232216
s0195,t0092,3.6,True,2025-02-02 17:29:00.259637
s0063,t0190,4.4,True,2024-09-18 17:29:00.306519
s0953,t0030,3.5,False,2025-07-08 17:29:00.337783
s0955,t0164,3.0,True,2025-04-23 17:29:00.384658
s0690,t0106,3.0,True,2025-08-24 17:29:00.416779
s0941,t0123,4.4,True,2025-05-12 17:29:00.448043
s0812,t0137,4.7,False,2025-08-24 17:29:00.479292
s0729,t0060,4.2,False,2025-06-03 17:29:00.510551
s0347,t0156,3.8,True,2025-03-26 17:29:00.600887
s0458,t0100,3.3,True,2025-08-10 17:29:00.624181
s0147,t0009,3.8,True,2024-09-13 17:29:00.639809
s0636,t0165,4.2,True,2025-03-31 17:29:00.686691
s0268,t0156,3.0,True,2025-07-03 17:29:00.717955
s0922,t0150,3.6,True,2024-12-17 17:29:00.792967
s0151,t0103,3.7,True,2025-01-19 17:29:00.824223
s0243,t0005,3.4,True,2025-01-12 17:29:00.839847
s0198,t0126,3.6,True,2024-10-06 17:29:00.871100
s0199,t0096,4.2,True,2025-03-27 17:29:00.917972
s0930,t0090,3.6,True,2024-11-14 17:29:00.949223
s0036,t0199,3.1,True,2025-01-21 17:29:00.980469
s0687,t0060,3.7,True,2024-12-02 17:29:01.002680
s0633,t0063,4.5,True,2025-07-01 17:29:01.018318
s0216,t0039,4.5,True,2025-05-07 17:29:01.033944
s0890,t0007,3.6,False,2024-11-14 17:29:01.065193
s0266,t0057,4.6,True,2024-11-12 17:29:01.080817
s0641,t0165,4.0,True,2025-07-26 17:29:01.096441
s0447,t0044,3.5,True,2025-08-15 17:29:01.112067
s0483,t0030,3.1,False,2025-06-05 17:29:01.127693
s0051,t0153,4.2,False,2025-04-25 17:29:01.143325
s0465,t0037,4.2,True,2024-12-09 17:29:01.158947
s0810,t0008,3.2,True,2025-02-23 17:29:01.174571
s0472,t0168,4.3,False,2025-06-20 17:29:01.190191
s0307,t0158,3.3,True,2025-07-25 17:29:01.205819
s0642,t0034,3.0,True,2025-04-27 17:29:01.221445
s0885,t0074,3.9,True,2025-04-20 17:29:01.237066
s0350,t0006,4.4,True,2025-02-15 17:29:01.252694
s0250,t0046,4.0,True,2025-04-25 17:29:01.268318
s0521,t0109,3.7,False,2024-12-15 17:29:01.283947
s0481,t0158,4.0,True,2024-11-14 17:29:01.311106
s0093,t0145,4.3,True,2025-05-29 17:29:01.326742
s0192,t0003,3.8,True,2024-11-03 17:29:01.342361
s0382,t0097,3.2,False,2024-10-25 17:29:01.357986
s0157,t0044,3.3,True,2025-03-12 17:29:01.373609
s0063,t0111,4.3,False,2025-07-09 17:29:01.389234
s0286,t0044,3.5,True,2025-08-25 17:29:01.404863
s0829,t0009,3.9,False,2025-04-09 17:29:01.420483
s0545,t0120,3.5,True,2025-04-27 17:29:01.436109
s0601,t0097,4.0,False,2024-11-15 17:29:01.451735
s0488,t0069,3.9,True,2024-10-31 17:29:01.467359
s0034,t0072,3.1,True,2025-04-05 17:29:01.482983
s0559,t0122,3.6,True,2025-08-03 17:29:01.498611
s0268,t0109,4.0,True,2025-07-17 17:29:01.529869
s0694,t0118,3.4,True,2025-07-23 17:29:01.561120
s0534,t0067,3.2,True,2024-11-23 17:29:01.576742
s0062,t0007,3.1,True,2025-08-05 17:29:01.601667
s0923,t0045,4.5,False,2025-07-07 17:29:01.619429
s0703,t0020,4.3,True,2025-07-25 17:29:01.623937
s0167,t0037,4.2,True,2025-01-16 17:29:01.639564
s0500,t0178,3.0,True,2025-02-12 17:29:01.655189
s0600,t0093,3.8,True,2025-09-13 17:29:01.670814
s0872,t0186,4.3,True,2025-08-05 17:29:01.702065
s0435,t0165,4.1,True,2025-04-28 17:29:01.717688
s0883,t0131,3.7,True,2025-02-21 17:29:01.733312
s0810,t0101,3.1,True,2024-10-01 17:29:01.748938
s0811,t0028,3.4,True,2025-05-02 17:29:01.764561
s0539,t0161,3.9,True,2025-03-20 17:29:01.780187
s0257,t0107,3.3,True,2025-07-27 17:29:01.795813
s0853,t0121,3.2,True,2024-12-04 17:29:01.827069
s0718,t0048,3.7,True,2024-10-29 17:29:01.842696
s0309,t0067,2.9,True,2025-06-02 17:29:01.859696
s0040,t0139,3.7,False,2025-04-07 17:29:01.875318
s0344,t0198,3.9,True,2025-03-22 17:29:01.890942
s0261,t0070,3.7,True,2025-06-25 17:29:01.906572
s0218,t0057,4.2,True,2025-09-13 17:29:01.922192
s0933,t0131,4.3,True,2024-12-12 17:29:01.937816
s0201,t0132,3.2,True,2025-05-04 17:29:01.953442
s0034,t0048,3.6,True,2024-10-09 17:29:01.969066
s0117,t0131,3.9,True,2024-11-07 17:29:01.984696
s0834,t0095,3.4,True,2025-05-03 17:29:02.000316
s0254,t0056,3.7,False,2024-11-08 17:29:02.015941
s0468,t0047,3.4,False,2025-05-09 17:29:02.031566
s0211,t0048,3.9,False,2025-08-07 17:29:02.047197
s0776,t0075,3.6,False,2025-08-29 17:29:02.062817
s0885,t0051,4.0,False,2025-05-17 17:29:02.078443
s0513,t0087,3.8,True,2024-10-01 17:29:02.125318
s0496,t0161,4.3,True,2025-05-12 17:29:02.140944
s0454,t0065,3.9,True,2025-06-15 17:29:02.156571
s0877,t0132,3.2,False,2025-01-07 17:29:02.172189
s0901,t0081,3.0,True,2025-01-13 17:29:02.187820
s0296,t0199,3.5,True,2024-12-08 17:29:02.203445
s0487,t0039,3.9,True,2024-11-15 17:29:02.219066
s0711,t0077,3.6,True,2024-12-06 17:29:02.234691
s0899,t0008,3.0,True,2025-06-28 17:29:02.265943
s0138,t0138,3.3,True,2024-11-21 17:29:02.281565
s0821,t0077,3.4,False,2025-09-06 17:29:02.297192
s0825,t0197,3.9,True,2025-03-02 17:29:02.312821
s0022,t0189,4.1,True,2025-02-10 17:29:02.328440
s0388,t0032,4.5,False,2025-06-07 17:29:02.344071
s0094,t0114,3.1,False,2024-10-21 17:29:02.359709
s0196,t0059,3.9,False,2024-12-20 17:29:02.375757
s0596,t0097,3.0,True,2024-11-20 17:29:02.391390
s0644,t0196,4.8,True,2025-02-08 17:29:02.422635
s0760,t0056,3.8,True,2024-11-23 17:29:02.438258
s0116,t0171,4.7,False,2025-07-30 17:29:02.453885
s0208,t0046,3.8,False,2025-07-13 17:29:02.469511
s0653,t0046,4.3,False,2025-01-03 17:29:02.485136
s0944,t0040,3.7,False,2025-01-21 17:29:02.500764
s0955,t0122,3.5,True,2024-10-03 17:29:02.516387
s0771,t0041,3.9,True,2025-04-22 17:29:02.547655
s0255,t0044,3.5,True,2024-11-04 17:29:02.578900
s0049,t0115,3.4,True,2025-01-06 17:29:02.610151
s0372,t0072,3.4,False,2024-10-13 17:29:02.636750
s0521,t0104,3.9,True,2025-04-07 17:29:02.654540
s0243,t0055,4.4,False,2024-11-02 17:29:02.672667
s0411,t0074,3.2,True,2025-06-29 17:29:02.688291
s0983,t0120,3.6,True,2025-02-17 17:29:02.703920
s0500,t0036,3.9,True,2025-04-09 17:29:02.735171
s0182,t0119,3.8,True,2025-06-09 17:29:02.766421
s0063,t0193,3.1,True,2025-03-01 17:29:02.797669
s0992,t0173,3.7,False,2024-09-29 17:29:02.813292
s0621,t0168,4.0,False,2024-12-26 17:29:02.860172
s0309,t0074,3.6,False,2024-11-15 17:29:02.891421
s0350,t0017,3.5,True,2024-12-20 17:29:02.924712
s0947,t0036,3.9,True,2024-09-17 17:29:02.940339
s0349,t0050,3.7,True,2024-11-18 17:29:02.955962
s0347,t0101,3.1,True,2024-09-19 17:29:02.987206
s0448,t0148,4.0,True,2024-12-10 17:29:03.002833
s0060,t0115,3.6,True,2025-03-03 17:29:03.018456
s0801,t0066,4.1,True,2025-08-07 17:29:03.034082
s0921,t0066,4.1,False,2025-08-15 17:29:03.049707
s0965,t0050,3.8,True,2025-09-01 17:29:03.065334
s0542,t0155,3.9,True,2025-06-25 17:29:03.080962
s0381,t0139,4.4,True,2025-08-08 17:29:03.096585
s0807,t0175,3.2,True,2025-07-22 17:29:03.112207
s0663,t0073,3.8,True,2024-11-30 17:29:03.127833
s0361,t0018,2.8,True,2024-12-15 17:29:03.143460
s0460,t0020,4.3,False,2025-05-24 17:29:03.159106
s0016,t0081,3.8,True,2024-09-23 17:29:03.174716
s0351,t0194,3.6,False,2024-12-26 17:29:03.190333
s0233,t0171,4.3,True,2025-03-13 17:29:03.205959
s0481,t0024,3.5,True,2025-05-27 17:29:03.221587
s0457,t0041,4.7,True,2025-03-28 17:29:03.252830
s0966,t0041,3.8,True,2025-01-29 17:29:03.268464
s0936,t0017,3.8,False,2024-10-07 17:29:03.284081
s0741,t0065,3.4,True,2025-05-02 17:29:03.299705
s0030,t0029,3.8,True,2025-06-19 17:29:03.330960
s0692,t0055,4.1,True,2025-03-20 17:29:03.346581
s0321,t0100,3.3,True,2025-03-06 17:29:03.362207
s0428,t0132,3.7,False,2025-09-03 17:29:03.377831
s0862,t0075,3.7,False,2025-08-12 17:29:03.393462
s0061,t0120,4.3,True,2024-12-21 17:29:03.409092
s0112,t0186,3.3,True,2024-12-20 17:29:03.424716
s0862,t0054,3.0,True,2025-06-03 17:29:03.443954
s0651,t0157,4.8,True,2025-07-23 17:29:03.459598
s0243,t0010,3.5,True,2024-12-21 17:29:03.475210
s0257,t0109,4.2,True,2025-06-03 17:29:03.490831
s0834,t0137,4.8,False,2025-04-19 17:29:03.522077
s0202,t0046,4.0,False,2025-04-30 17:29:03.537702
s0010,t0099,4.3,True,2025-04-20 17:29:03.553349
s0110,t0129,3.2,True,2024-10-01 17:29:03.584586
s0598,t0132,3.5,False,2025-03-14 17:29:03.600217
s0257,t0156,3.6,True,2025-04-02 17:29:03.622785
s0578,t0102,3.5,True,2025-09-07 17:29:03.638549
s0082,t0057,5.0,True,2024-12-06 17:29:03.640186
s0632,t0112,3.8,True,2024-09-14 17:29:03.671439
s0081,t0077,2.9,True,2024-10-15 17:29:03.687071
s0182,t0119,4.2,False,2025-04-08 17:29:03.702692
s0964,t0021,3.7,True,2024-10-20 17:29:03.718314
s0981,t0147,3.7,True,2025-05-03 17:29:03.733943
s0155,t0072,3.6,False,2024-11-14 17:29:03.749561
s0085,t0041,4.1,True,2024-10-25 17:29:03.765187
s0145,t0181,4.1,True,2025-06-23 17:29:03.780812
s0266,t0068,3.8,False,2024-09-19 17:29:03.796438
s0253,t0008,3.8,True,2025-01-16 17:29:03.812061
s0827,t0128,4.0,True,2024-09-21 17:29:03.827687
s0415,t0102,3.5,True,2025-09-03 17:29:03.843327
s0630,t0004,3.1,True,2024-12-29 17:29:03.858947
s0961,t0046,3.8,True,2025-08-15 17:29:03.874567
s0643,t0109,4.2,True,2025-02-06 17:29:03.890186
s0647,t0044,3.1,True,2024-10-13 17:29:03.905816
s0510,t0036,3.9,True,2024-11-03 17:29:03.937063
s0656,t0074,3.6,True,2025-04-14 17:29:03.952689
s0364,t0005,3.3,True,2024-11-25 17:29:03.968310
s0981,t0072,3.2,True,2025-05-20 17:29:03.975374
s0079,t0114,3.5,True,2025-05-15 17:29:03.991007
s0119,t0060,3.3,True,2025-04-26 17:29:04.006628
s0672,t0186,3.5,True,2025-02-20 17:29:04.037874
s0006,t0099,4.7,True,2024-11-03 17:29:04.037874
s0240,t0158,2.9,True,2025-07-13 17:29:04.069123
s0959,t0017,4.4,False,2025-02-06 17:29:04.069123
s0993,t0024,2.8,True,2024-11-28 17:29:04.100378
s0681,t0114,4.0,True,2025-09-07 17:29:04.116000
s0551,t0003,3.8,True,2025-02-01 17:29:04.131625
s0435,t0042,3.1,True,2025-08-03 17:29:04.147250
s0172,t0167,3.3,True,2025-07-07 17:29:04.162880
s0711,t0051,4.1,True,2025-04-09 17:29:04.178499
s0069,t0101,3.4,False,2025-05-28 17:29:04.194125
s0193,t0104,3.6,False,2025-02-25 17:29:04.209756
s0754,t0034,3.8,False,2024-11-04 17:29:04.225380
s0628,t0146,3.6,False,2025-07-24 17:29:04.241007
s0830,t0106,3.6,True,2024-10-31 17:29:04.256623
s0313,t0097,3.5,True,2025-08-26 17:29:04.272251
s0824,t0097,4.2,True,2025-04-24 17:29:04.287879
s0094,t0073,3.5,True,2025-05-22 17:29:04.303502
s0534,t0088,3.9,False,2025-06-18 17:29:04.319123
s0129,t0036,4.0,True,2025-07-27 17:29:04.334752
s0459,t0015,4.2,True,2024-12-25 17:29:04.350376
s0121,t0120,3.6,True,2025-06-28 17:29:04.365998
s0683,t0132,2.7,False,2024-11-17 17:29:04.397256
s0515,t0126,3.4,True,2024-12-06 17:29:04.412876
s0664,t0146,4.1,True,2025-01-10 17:29:04.428499
s0742,t0148,4.6,True,2025-08-29 17:29:04.444125
s0915,t0047,3.5,False,2025-09-07 17:29:04.459765
s0186,t0114,4.1,False,2025-04-18 17:29:04.475378
s0772,t0081,3.8,True,2025-07-18 17:29:04.491970
s0934,t0102,3.6,True,2025-07-08 17:29:04.507608
s0141,t0166,3.1,False,2024-09-30 17:29:04.523230
s0753,t0043,4.0,True,2024-12-18 17:29:04.538851
s0217,t0175,3.3,True,2025-03-01 17:29:04.554479
s0109,t0034,3.9,True,2025-02-10 17:29:04.585736
s0972,t0093,3.6,True,2025-09-11 17:29:04.601375
s0643,t0121,3.7,True,2024-12-29 17:29:04.632304
s0596,t0069,3.6,True,2025-04-04 17:29:04.649987
s0702,t0184,3.9,True,2025-06-18 17:29:04.656560
s0231,t0029,4.0,True,2025-07-14 17:29:04.672184
s0808,t0070,3.9,True,2025-08-18 17:29:04.687809
s0897,t0017,3.8,False,2025-01-02 17:29:04.703433
s0933,t0105,4.9,True,2024-11-03 17:29:04.719058
s0291,t0166,3.2,True,2025-07-23 17:29:04.734684
s0966,t0190,4.8,False,2024-12-08 17:29:04.750308
s0297,t0147,4.2,False,2025-08-23 17:29:04.781560
s0590,t0166,4.1,True,2025-05-11 17:29:04.781560
s0061,t0159,3.7,False,2024-11-04 17:29:04.812813
s0942,t0042,3.9,True,2024-09-30 17:29:04.828434
s0402,t0036,3.8,False,2025-08-21 17:29:04.844061
s0857,t0159,3.9,False,2025-08-23 17:29:04.859690
s0161,t0114,3.6,False,2024-09-14 17:29:04.875313
s0827,t0193,3.2,True,2024-10-27 17:29:04.890939
s0738,t0020,4.0,True,2024-09-17 17:29:04.906562
s0680,t0037,4.0,True,2024-12-08 17:29:04.922186
s0865,t0042,2.8,True,2025-08-19 17:29:04.937809
s0959,t0147,3.8,False,2024-11-05 17:29:04.953435
s0521,t0191,4.1,False,2025-01-22 17:29:04.969058
s0154,t0017,3.6,False,2025-05-10 17:29:04.984689
s0906,t0194,3.5,True,2025-05-20 17:29:05.000309
s0987,t0097,3.0,True,2025-07-07 17:29:05.025383
s0503,t0113,4.6,True,2025-05-31 17:29:05.041011
s0968,t0191,3.6,False,2025-03-03 17:29:05.056634
s0967,t0116,4.5,False,2024-09-16 17:29:05.072259
s0852,t0132,2.8,True,2024-12-02 17:29:05.103507
s0218,t0128,4.1,True,2024-10-02 17:29:05.119133
s0219,t0098,4.3,True,2025-09-03 17:29:05.134757
s0760,t0015,4.0,True,2025-05-03 17:29:05.150387
s0135,t0078,3.8,True,2025-07-10 17:29:05.166013
s0219,t0191,4.2,True,2025-04-26 17:29:05.181636
s0727,t0070,2.9,False,2024-10-17 17:29:05.197257
s0029,t0186,4.1,False,2024-11-01 17:29:05.212885
s0484,t0016,3.9,True,2025-04-21 17:29:05.228510
s0209,t0048,4.1,True,2025-09-03 17:29:05.244133
s0195,t0191,4.1,True,2025-04-23 17:29:05.259765
s0793,t0099,3.9,True,2025-03-14 17:29:05.275394
s0676,t0076,3.6,True,2025-01-22 17:29:05.291014
s0623,t0193,3.2,True,2024-12-09 17:29:05.306634
s0925,t0118,4.1,True,2025-09-03 17:29:05.322261
s0209,t0048,4.2,True,2024-10-13 17:29:05.337892
s0791,t0075,4.0,False,2024-09-26 17:29:05.353512
s0442,t0182,3.2,True,2025-05-12 17:29:05.369139
s0656,t0091,3.4,True,2025-08-17 17:29:05.384762
s0654,t0096,4.2,True,2025-02-25 17:29:05.400387
s0025,t0081,3.3,True,2024-09-30 17:29:05.431633
s0622,t0093,3.6,True,2025-08-30 17:29:05.431633
s0757,t0075,4.3,False,2025-03-19 17:29:05.447262
s0127,t0009,4.0,True,2025-03-29 17:29:05.462884
s0835,t0054,2.7,True,2025-03-20 17:29:05.478509
s0912,t0115,4.1,True,2024-10-03 17:29:05.494137
s0658,t0151,3.7,True,2024-12-27 17:29:05.525391
s0393,t0133,4.0,True,2025-04-27 17:29:05.541011
s0951,t0043,3.7,True,2025-04-16 17:29:05.556634
s0841,t0090,4.0,True,2024-11-28 17:29:05.572259
s0975,t0198,3.7,True,2025-08-22 17:29:05.607246
s0877,t0109,3.2,False,2025-06-13 17:29:05.622878
s0096,t0092,3.9,True,2025-07-21 17:29:05.638497
s0372,t0182,3.2,False,2024-12-10 17:29:05.677021
s0839,t0049,4.1,True,2024-09-16 17:29:05.693758
s0496,t0161,3.8,False,2025-01-28 17:29:05.705758
s0227,t0115,4.3,True,2024-09-21 17:29:05.706334
s0904,t0075,3.9,True,2025-01-15 17:29:05.721958
s0149,t0125,4.1,True,2025-02-17 17:29:05.753208
s0228,t0068,3.7,True,2025-07-18 17:29:05.768837
s0961,t0047,3.4,True,2025-02-18 17:29:05.784461
s0591,t0179,3.4,True,2024-12-28 17:29:05.800085
s0989,t0081,3.7,True,2025-04-11 17:29:05.815707
s0100,t0129,3.8,True,2025-07-28 17:29:05.831335
s0053,t0065,3.9,True,2024-12-02 17:29:05.846961
s0988,t0154,3.5,True,2024-10-19 17:29:05.878210
s0095,t0127,3.3,True,2025-01-29 17:29:05.893833
s0877,t0132,2.7,True,2024-10-13 17:29:05.909497
s0899,t0090,3.7,False,2025-02-13 17:29:05.925086
s0355,t0043,3.2,True,2024-10-17 17:29:05.940710
s0741,t0199,3.3,True,2024-11-11 17:29:05.956332
s0236,t0009,4.0,False,2025-05-06 17:29:05.971961
s0328,t0147,3.4,True,2024-11-11 17:29:05.987586
s0319,t0138,4.1,True,2025-04-08 17:29:06.003208
s0681,t0189,4.1,True,2024-12-27 17:29:06.018835
s0592,t0060,3.8,True,2024-10-02 17:29:06.034457
s0301,t0043,3.9,True,2024-10-29 17:29:06.050084
s0315,t0109,4.2,True,2025-01-19 17:29:06.065709
s0608,t0081,3.3,True,2025-08-16 17:29:06.091624
s0852,t0032,3.4,True,2025-07-17 17:29:06.107257
s0291,t0077,3.1,False,2025-03-25 17:29:06.122877
s0782,t0164,2.8,False,2025-06-02 17:29:06.138507
s0700,t0029,4.5,True,2024-12-15 17:29:06.154126
s0322,t0002,3.6,True,2025-04-09 17:29:06.169756
s0827,t0103,3.5,False,2024-12-07 17:29:06.185374
s0514,t0038,4.2,True,2024-12-09 17:29:06.201006
s0368,t0199,3.5,False,2025-01-12 17:29:06.216630
s0224,t0147,4.1,True,2025-08-27 17:29:06.232254
s0790,t0028,3.9,True,2024-10-31 17:29:06.247877
s0832,t0113,4.7,False,2025-03-03 17:29:06.263503
s0146,t0054,3.7,False,2024-12-29 17:29:06.279127
s0417,t0034,3.2,False,2025-03-31 17:29:06.294751
s0720,t0162,3.9,True,2025-03-21 17:29:06.310379
s0543,t0078,4.3,False,2025-03-01 17:29:06.326003
s0310,t0073,3.1,False,2024-10-22 17:29:06.357255
s0625,t0119,3.9,True,2025-08-19 17:29:06.372878
s0601,t0137,4.4,True,2024-10-10 17:29:06.388508
s0493,t0156,3.8,True,2024-11-01 17:29:06.404126
s0206,t0047,3.0,True,2024-10-22 17:29:06.419756
s0185,t0132,3.5,True,2025-06-07 17:29:06.435382
s0355,t0139,4.4,True,2024-10-22 17:29:06.451000
s0383,t0139,4.6,True,2025-04-16 17:29:06.466629
s0632,t0167,3.9,True,2024-10-06 17:29:06.482256
s0100,t0129,4.4,True,2025-04-18 17:29:06.497877
s0007,t0129,3.5,True,2025-05-09 17:29:06.513501
s0471,t0064,3.0,True,2025-07-31 17:29:06.529127
s0385,t0049,3.9,False,2025-06-29 17:29:06.560376
s0188,t0017,4.2,True,2025-06-27 17:29:06.576003
s0524,t0055,4.3,True,2025-03-08 17:29:06.591645
s0038,t0184,3.9,True,2024-10-10 17:29:06.607259
s0793,t0097,3.7,True,2025-07-31 17:29:06.625243
s0238,t0036,3.7,True,2025-05-25 17:29:06.661136
s0342,t0101,3.0,False,2025-07-28 17:29:06.678848
s0046,t0177,3.7,True,2025-09-06 17:29:06.689460
s0858,t0070,3.7,True,2024-11-19 17:29:06.705082
s0580,t0059,4.1,True,2024-12-17 17:29:06.720711
s0828,t0165,3.8,True,2025-07-01 17:29:06.736335
s0541,t0070,3.3,True,2025-05-25 17:29:06.751957
s0238,t0034,3.7,False,2025-04-04 17:29:06.767586
s0587,t0186,4.1,True,2024-10-22 17:29:06.783210
s0389,t0103,3.6,True,2024-12-28 17:29:06.814458
s0434,t0191,4.0,True,2025-09-12 17:29:06.830082
s0859,t0050,4.0,True,2025-03-14 17:29:06.845709
s0528,t0146,3.9,False,2024-11-26 17:29:06.861331
s0272,t0136,4.3,True,2024-11-01 17:29:06.876963
s0839,t0055,4.2,True,2025-04-12 17:29:06.892596
s0871,t0075,4.5,True,2025-05-29 17:29:06.892596
s0255,t0099,3.8,True,2025-03-16 17:29:06.908220
s0297,t0099,4.6,True,2025-05-05 17:29:06.923842
s0218,t0115,4.1,True,2024-10-01 17:29:06.939460
s0492,t0009,3.4,True,2024-10-26 17:29:06.970711
s0380,t0093,3.9,True,2025-05-18 17:29:06.986338
s0615,t0024,3.0,True,2025-06-12 17:29:07.001959
s0054,t0163,3.3,False,2025-01-16 17:29:07.017589
s0476,t0151,4.2,False,2024-10-04 17:29:07.033209
s0949,t0109,3.4,True,2025-07-25 17:29:07.048835
s0727,t0091,3.6,True,2024-09-13 17:29:07.064459
s0852,t0180,3.5,True,2024-11-11 17:29:07.080087
s0225,t0070,3.7,True,2025-04-15 17:29:07.095709
s0944,t0015,3.8,True,2025-07-29 17:29:07.111332
s0287,t0106,3.7,True,2025-02-12 17:29:07.126957
s0518,t0004,3.6,True,2025-05-02 17:29:07.141482
s0939,t0048,3.2,True,2024-12-14 17:29:07.157114
s0788,t0191,3.8,True,2024-09-25 17:29:07.172732
s0682,t0075,3.7,True,2025-02-22 17:29:07.203981
s0777,t0106,3.6,True,2025-08-06 17:29:07.219609
s0758,t0005,3.1,True,2024-12-19 17:29:07.235233
s0956,t0179,3.9,True,2025-06-16 17:29:07.250860
s0039,t0064,3.6,False,2025-02-25 17:29:07.266483
s0948,t0118,4.0,True,2025-01-24 17:29:07.282107
s0018,t0038,4.3,True,2025-07-13 17:29:07.297730
s0967,t0076,3.4,True,2024-09-26 17:29:07.313358
s0927,t0200,3.1,True,2025-06-06 17:29:07.328982
s0222,t0113,3.6,True,2025-06-16 17:29:07.360234
s0809,t0149,3.5,True,2025-05-17 17:29:07.375862
s0228,t0030,3.4,True,2024-11-09 17:29:07.391491
s0637,t0024,3.8,True,2025-08-30 17:29:07.407111
s0155,t0138,3.5,False,2025-04-23 17:29:07.422734
s0728,t0028,3.1,True,2024-10-05 17:29:07.422734
s0991,t0110,3.2,True,2025-02-18 17:29:07.453983
s0026,t0135,4.2,True,2025-01-05 17:29:07.469609
s0619,t0020,4.2,True,2025-07-28 17:29:07.485232
s0520,t0051,4.5,True,2025-02-28 17:29:07.500859
s0390,t0191,3.9,False,2024-11-08 17:29:07.516482
s0232,t0028,4.0,False,2024-10-18 17:29:07.532109
s0367,t0178,3.5,False,2025-02-18 17:29:07.547735
s0777,t0063,4.6,True,2024-10-14 17:29:07.563356
s0887,t0094,4.0,True,2024-11-26 17:29:07.578983
s0279,t0191,3.6,False,2025-03-07 17:29:07.594609
s0538,t0092,3.5,True,2025-05-20 17:29:07.610248
s0022,t0155,4.5,True,2025-02-11 17:29:07.625868
s0466,t0147,4.3,False,2025-05-19 17:29:07.657112
s0296,t0109,3.4,True,2025-01-14 17:29:07.679565
s0078,t0070,3.5,False,2025-08-02 17:29:07.696271
s0017,t0084,4.5,False,2024-10-19 17:29:07.705857
s0996,t0121,3.5,False,2025-09-10 17:29:07.721480
s0403,t0175,4.2,True,2024-12-22 17:29:07.737109
s0329,t0078,3.7,False,2025-05-17 17:29:07.752734
s0543,t0113,4.5,False,2024-12-02 17:29:07.768358
s0559,t0018,3.2,False,2025-07-06 17:29:07.783983
s0543,t0113,4.2,True,2025-04-26 17:29:07.799611
s0023,t0184,3.4,True,2024-11-28 17:29:07.815232
s0722,t0167,4.1,True,2025-02-01 17:29:07.846484
s0136,t0051,3.9,True,2025-02-03 17:29:07.862105
s0443,t0142,3.7,True,2024-11-13 17:29:07.877731
s0268,t0074,3.4,True,2025-03-17 17:29:07.893357
s0403,t0155,3.7,True,2025-05-03 17:29:07.908998
s0813,t0101,2.8,False,2024-09-25 17:29:07.924613
s0594,t0020,3.9,True,2025-01-07 17:29:07.940237
s0774,t0003,4.4,True,2025-07-09 17:29:07.955860
s0252,t0017,3.0,True,2025-05-12 17:29:07.971484
s0746,t0092,3.2,True,2025-01-29 17:29:07.987107
s0810,t0101,3.3,True,2024-11-21 17:29:08.002733
s0616,t0149,3.6,True,2025-01-27 17:29:08.033982
s0831,t0026,5.0,True,2025-08-21 17:29:08.033982
s0269,t0062,3.6,True,2024-10-23 17:29:08.065233
s0601,t0095,4.1,True,2025-09-08 17:29:08.080860
s0737,t0075,4.3,True,2024-12-08 17:29:08.080860
s0207,t0073,3.2,True,2025-05-30 17:29:08.112111
s0941,t0135,4.4,True,2024-10-20 17:29:08.127732
s0263,t0105,4.0,True,2025-06-05 17:29:08.143359
s0078,t0171,4.5,False,2024-10-18 17:29:08.158987
s0941,t0092,3.6,True,2024-10-03 17:29:08.174616
s0746,t0178,3.3,True,2024-09-16 17:29:08.190238
s0375,t0101,3.9,True,2025-01-08 17:29:08.207952
s0521,t0037,4.0,True,2024-11-08 17:29:08.223588
s0618,t0081,3.6,True,2025-01-10 17:29:08.254830
s0017,t0093,4.2,True,2025-03-25 17:29:08.270457
s0143,t0194,3.8,True,2025-03-24 17:29:08.286083
s0969,t0105,4.0,True,2025-05-22 17:29:08.301705
s0400,t0024,3.7,True,2025-03-14 17:29:08.317333
s0893,t0168,4.1,False,2025-03-04 17:29:08.332958
s0412,t0141,3.9,True,2025-08-23 17:29:08.348579
s0541,t0040,3.3,True,2025-07-17 17:29:08.364205
s0945,t0051,4.7,True,2024-09-23 17:29:08.379830
s0772,t0032,3.8,True,2025-05-18 17:29:08.395456
s0852,t0036,3.6,False,2025-07-27 17:29:08.411080
s0144,t0026,4.8,True,2025-05-21 17:29:08.426705
s0563,t0043,3.9,True,2024-10-28 17:29:08.442334
s0627,t0043,4.1,True,2024-09-14 17:29:08.457959
s0728,t0155,4.3,True,2025-01-25 17:29:08.473584
s0302,t0085,4.2,True,2024-12-28 17:29:08.489207
s0369,t0064,3.2,False,2025-07-27 17:29:08.504832
s0591,t0030,3.5,True,2025-02-25 17:29:08.520456
s0239,t0053,3.5,True,2025-02-27 17:29:08.536082
s0709,t0097,3.9,True,2025-07-23 17:29:08.551705
s0474,t0103,3.5,True,2025-02-27 17:29:08.582956
s0850,t0167,3.3,True,2024-12-18 17:29:08.598580
s0747,t0033,4.5,True,2025-05-29 17:29:08.614214
s0167,t0157,4.5,False,2025-01-14 17:29:08.629839
s0087,t0198,4.5,True,2024-12-26 17:29:08.676735
s0250,t0189,3.5,False,2025-08-25 17:29:08.692351
s0625,t0139,3.8,True,2024-12-25 17:29:08.716647
s0388,t0157,3.9,False,2025-05-08 17:29:08.731364
s0820,t0008,3.8,True,2024-12-18 17:29:08.741560
s0960,t0146,3.4,True,2024-09-20 17:29:08.757202
s0731,t0147,4.1,True,2025-04-02 17:29:08.772811
s0447,t0033,4.1,True,2024-11-07 17:29:08.804060
s0642,t0193,3.3,True,2025-03-07 17:29:08.819683
s0470,t0091,3.5,False,2025-06-17 17:29:08.835314
s0029,t0046,4.3,True,2025-01-08 17:29:08.850934
s0483,t0196,4.0,False,2024-11-12 17:29:08.866560
s0780,t0106,3.4,False,2024-09-20 17:29:08.882185
s0113,t0002,3.6,True,2024-10-07 17:29:08.897810
s0850,t0005,3.7,True,2025-04-08 17:29:08.929066
s0841,t0090,3.6,False,2024-11-10 17:29:08.944685
s0997,t0175,3.8,False,2025-02-05 17:29:08.960308
s0552,t0180,3.7,False,2024-11-04 17:29:08.975947
s0155,t0097,3.2,True,2025-05-25 17:29:08.991572
s0417,t0051,3.9,True,2024-09-16 17:29:09.007189
s0263,t0060,3.9,False,2024-09-22 17:29:09.022817
s0995,t0052,3.7,True,2025-01-24 17:29:09.038434
s0215,t0054,3.3,True,2025-01-01 17:29:09.054069
s0572,t0094,4.2,True,2024-10-26 17:29:09.069683
s0429,t0019,4.7,True,2025-09-09 17:29:09.085312
s0068,t0188,4.5,True,2024-12-09 17:29:09.116560
s0475,t0138,3.6,True,2025-01-03 17:29:09.132185
s0019,t0129,3.3,True,2025-02-24 17:29:09.147809
s0003,t0112,3.1,True,2025-05-15 17:29:09.163435
s0586,t0146,3.8,True,2024-12-22 17:29:09.179059
s0174,t0147,3.5,False,2024-11-29 17:29:09.194687
s0917,t0055,4.9,False,2025-04-13 17:29:09.210311
s0754,t0021,4.4,True,2024-12-19 17:29:09.225935
s0632,t0065,3.4,False,2025-08-13 17:29:09.241573
s0120,t0191,4.3,True,2025-09-03 17:29:09.257196
s0857,t0194,4.2,True,2024-12-23 17:29:09.272546
s0174,t0050,3.1,False,2024-12-29 17:29:09.289850
s0378,t0025,4.2,True,2024-11-26 17:29:09.305472
s0603,t0090,3.9,True,2025-07-27 17:29:09.321095
s0258,t0056,3.7,True,2024-09-27 17:29:09.336722
s0474,t0096,4.0,False,2024-11-13 17:29:09.367968
s0640,t0180,3.1,True,2025-03-22 17:29:09.383593
s0572,t0181,4.6,True,2025-03-27 17:29:09.399219
s0035,t0185,3.6,True,2025-07-16 17:29:09.414846
s0809,t0191,3.9,False,2025-04-07 17:29:09.430474
s0953,t0020,4.5,False,2025-07-02 17:29:09.446094
s0865,t0142,3.5,True,2025-08-05 17:29:09.461724
s0595,t0180,3.5,False,2025-05-27 17:29:09.477348
s0056,t0151,3.9,True,2025-08-18 17:29:09.492974
s0683,t0091,3.7,True,2024-11-15 17:29:09.508637
s0808,t0177,3.2,True,2025-07-18 17:29:09.524229
s0944,t0073,2.8,True,2025-07-21 17:29:09.539850
s0100,t0106,3.1,True,2024-10-12 17:29:09.555470
s0244,t0112,2.9,True,2025-07-06 17:29:09.571096
s0536,t0068,3.7,True,2024-11-17 17:29:09.586723
s0639,t0072,3.1,False,2025-01-10 17:29:09.602346
s0767,t0175,3.5,False,2024-11-23 17:29:09.617978
s0107,t0097,4.0,True,2025-03-28 17:29:09.649232
s0744,t0046,4.0,False,2024-12-12 17:29:09.664862
s0493,t0003,3.8,False,2025-06-08 17:29:09.680480
s0380,t0165,4.3,True,2025-04-04 17:29:09.714732
s0354,t0114,3.9,True,2025-04-21 17:29:09.731181
s0545,t0003,4.4,False,2025-08-17 17:29:09.738758
s0039,t0102,4.0,True,2024-10-17 17:29:09.754384
s0109,t0021,4.5,True,2025-05-18 17:29:09.770008
s0782,t0184,3.0,True,2024-12-19 17:29:09.785636
s0586,t0178,3.4,True,2025-09-10 17:29:09.807205
s0598,t0042,3.4,True,2025-06-23 17:29:09.822837
s0255,t0020,4.0,True,2025-08-05 17:29:09.838459
s0111,t0028,3.5,True,2025-02-28 17:29:09.854082
s0906,t0021,3.8,True,2024-10-19 17:29:09.869708
s0266,t0004,3.5,True,2024-12-03 17:29:09.885339
s0623,t0059,4.5,True,2024-10-31 17:29:09.900963
s0224,t0029,4.2,False,2025-03-20 17:29:09.916585
s0865,t0097,3.8,True,2025-01-20 17:29:09.932208
s0956,t0060,4.2,True,2024-10-27 17:29:09.947837
s0717,t0118,4.0,True,2025-07-03 17:29:09.963459
s0469,t0139,4.3,True,2025-04-17 17:29:09.979088
s0694,t0005,3.4,False,2025-02-24 17:29:09.994709
s0152,t0099,4.7,True,2025-06-03 17:29:10.010335
s0464,t0168,4.7,True,2024-12-10 17:29:10.025958
s0574,t0145,4.0,True,2024-09-17 17:29:10.057221
s0132,t0196,4.3,True,2025-02-15 17:29:10.072834
s0082,t0085,4.5,False,2025-05-29 17:29:10.072834
s0773,t0102,4.1,True,2024-10-24 17:29:10.088463
s0617,t0189,4.4,True,2025-05-09 17:29:10.119712
s0876,t0085,4.2,True,2025-01-28 17:29:10.135337
s0172,t0147,3.5,True,2025-03-11 17:29:10.150960
s0493,t0070,3.7,True,2024-10-03 17:29:10.166587
s0606,t0167,3.4,True,2025-05-05 17:29:10.182212
s0705,t0127,3.4,False,2025-04-13 17:29:10.197838
s0487,t0021,3.4,True,2024-12-10 17:29:10.213455
s0528,t0020,4.3,True,2025-01-23 17:29:10.229083
s0981,t0092,3.3,True,2025-04-14 17:29:10.244712
s0765,t0003,4.1,True,2025-08-10 17:29:10.275959
s0653,t0109,4.1,False,2024-11-11 17:29:10.291587
s0946,t0142,4.0,False,2025-04-06 17:29:10.307215
s0349,t0073,3.1,True,2024-10-15 17:29:10.324079
s0953,t0030,3.4,True,2025-06-15 17:29:10.339715
s0217,t0099,3.9,True,2025-06-27 17:29:10.355332
s0471,t0191,4.1,True,2024-10-27 17:29:10.370957
s0590,t0133,4.0,True,2025-06-07 17:29:10.386584
s0395,t0158,3.1,False,2024-12-20 17:29:10.402207
s0372,t0051,4.3,True,2024-12-13 17:29:10.417830
s0349,t0070,3.6,True,2024-11-14 17:29:10.433456
s0672,t0129,3.6,False,2024-10-17 17:29:10.449080
s0089,t0076,3.6,True,2025-02-20 17:29:10.464709
s0478,t0008,3.7,False,2024-12-28 17:29:10.480331
s0425,t0165,4.0,True,2025-07-01 17:29:10.511580
s0303,t0028,3.3,True,2024-12-23 17:29:10.527203
s0036,t0047,3.2,True,2025-01-08 17:29:10.542831
s0073,t0138,3.6,True,2025-01-06 17:29:10.558458
s0441,t0051,5.0,True,2025-05-17 17:29:10.574088
s0143,t0168,3.9,True,2024-10-16 17:29:10.589708
s0036,t0178,3.1,True,2025-03-13 17:29:10.605331
s0505,t0054,3.4,False,2025-03-23 17:29:10.620960
s0374,t0040,3.6,True,2025-04-03 17:29:10.636581
s0056,t0043,4.0,True,2024-12-15 17:29:10.652205
s0918,t0186,3.5,False,2024-12-30 17:29:10.667848
s0469,t0133,4.1,True,2024-10-26 17:29:10.699099
s0961,t0109,3.4,True,2024-10-03 17:29:10.726859
s0141,t0064,3.8,True,2024-10-03 17:29:10.742589
s0639,t0153,3.3,False,2025-02-14 17:29:10.754589
s0599,t0073,3.1,True,2025-04-30 17:29:10.770768
s0451,t0032,3.7,False,2025-01-03 17:29:10.786397
s0455,t0030,3.8,True,2025-02-28 17:29:10.802017
s0945,t0048,4.3,False,2025-02-11 17:29:10.817648
s0383,t0048,3.7,True,2025-03-08 17:29:10.833267
s0571,t0191,3.4,False,2025-08-19 17:29:10.857280
s0972,t0154,3.4,False,2025-02-06 17:29:10.872911
s0966,t0105,4.5,True,2024-10-10 17:29:10.888533
s0023,t0100,3.2,True,2025-02-23 17:29:10.904163
s0291,t0077,3.5,False,2025-02-05 17:29:10.919783
s0371,t0133,3.3,True,2025-04-06 17:29:10.935409
s0210,t0051,4.8,True,2025-07-26 17:29:10.951033
s0208,t0002,3.4,False,2024-10-22 17:29:10.966660
s0305,t0003,3.8,True,2024-10-17 17:29:10.982282
s0065,t0111,4.5,True,2025-04-06 17:29:11.013531
s0995,t0139,4.1,True,2025-01-31 17:29:11.029157
s0621,t0153,3.7,False,2025-07-07 17:29:11.044783
s0962,t0102,3.7,True,2025-03-14 17:29:11.060408
s0064,t0181,4.1,True,2025-07-24 17:29:11.076035
s0015,t0076,3.3,True,2025-09-12 17:29:11.091661
s0007,t0044,3.6,True,2025-02-11 17:29:11.107286
s0619,t0126,3.3,True,2024-10-11 17:29:11.122912
s0196,t0152,4.6,True,2025-08-12 17:29:11.138533
s0522,t0008,3.4,True,2025-01-05 17:29:11.169780
s0482,t0021,3.6,True,2025-04-23 17:29:11.185407
s0826,t0142,3.6,True,2025-07-02 17:29:11.201034
s0988,t0081,3.0,True,2024-10-30 17:29:11.216660
s0751,t0121,4.1,True,2025-04-14 17:29:11.232283
s0318,t0126,3.9,False,2025-03-08 17:29:11.247911
s0192,t0033,3.5,True,2025-02-13 17:29:11.263537
s0838,t0099,3.6,False,2024-09-28 17:29:11.279155
s0537,t0016,3.9,True,2025-02-02 17:29:11.310406
s0585,t0112,3.3,False,2025-04-28 17:29:11.326033
s0936,t0138,3.7,True,2025-07-26 17:29:11.341669
s0371,t0025,4.4,True,2025-07-06 17:29:11.357286
s0915,t0107,3.7,True,2024-12-19 17:29:11.372909
s0118,t0162,4.1,True,2025-04-21 17:29:11.388535
s0806,t0190,4.2,True,2025-05-03 17:29:11.407181
s0178,t0009,4.9,True,2025-06-06 17:29:11.422811
s0417,t0191,4.0,True,2025-08-21 17:29:11.438437
s0717,t0031,3.8,False,2024-12-13 17:29:11.454061
s0571,t0081,3.3,True,2025-07-20 17:29:11.469685
s0843,t0119,4.5,True,2025-05-16 17:29:11.485315
s0263,t0068,3.4,True,2025-01-03 17:29:11.500936
s0178,t0029,4.2,True,2025-02-17 17:29:11.516560
s0058,t0192,3.6,False,2025-03-01 17:29:11.532186
s0841,t0090,4.0,True,2025-04-25 17:29:11.547814
s0759,t0028,3.5,True,2025-06-24 17:29:11.563436
s0949,t0139,3.6,True,2024-11-03 17:29:11.579066
s0590,t0196,4.4,True,2025-02-02 17:29:11.594683
s0687,t0056,4.3,True,2024-12-26 17:29:11.610310
s0567,t0062,4.0,True,2025-02-03 17:29:11.625937
s0049,t0031,3.5,True,2025-04-05 17:29:11.641572
s0506,t0118,3.5,True,2025-03-23 17:29:11.672813
s0576,t0007,3.3,True,2025-02-24 17:29:11.688442
s0414,t0010,4.4,True,2025-07-02 17:29:11.719695
s0108,t0191,4.0,True,2025-05-08 17:29:11.748742
s0386,t0003,4.5,True,2025-07-25 17:29:11.765005
s0406,t0052,4.0,False,2025-01-24 17:29:11.771585
s0458,t0033,4.1,True,2025-06-05 17:29:11.787215
s0654,t0144,4.2,True,2024-12-10 17:29:11.802836
s0098,t0030,3.6,False,2025-03-03 17:29:11.818466
s0570,t0070,3.7,True,2024-10-06 17:29:11.834086
s0847,t0109,3.5,False,2025-01-09 17:29:11.865334
s0843,t0002,3.4,True,2025-04-02 17:29:11.880960
s0727,t0070,3.9,True,2024-11-30 17:29:11.896585
s0490,t0095,3.6,True,2024-12-24 17:29:11.912209
s0163,t0109,3.5,True,2025-02-13 17:29:11.923421
s0734,t0135,4.7,False,2025-01-01 17:29:11.939050
s0693,t0105,3.9,True,2025-02-28 17:29:11.954673
s0188,t0182,3.5,True,2024-11-24 17:29:11.970302
s0151,t0112,4.0,True,2024-10-09 17:29:11.985924
s0989,t0196,3.9,True,2025-04-08 17:29:12.001548
s0796,t0114,3.7,True,2025-06-30 17:29:12.017171
s0761,t0005,2.9,True,2024-11-16 17:29:12.032803
s0630,t0139,4.4,False,2024-11-23 17:29:12.048421
s0918,t0142,3.8,True,2024-10-09 17:29:12.064050
s0372,t0146,3.7,True,2025-07-28 17:29:12.095299
s0481,t0132,3.8,False,2025-08-30 17:29:12.110922
s0509,t0149,3.4,True,2025-08-19 17:29:12.126547
s0565,t0073,2.8,True,2025-07-17 17:29:12.142173
s0673,t0191,3.4,True,2025-01-05 17:29:12.157804
s0509,t0192,3.2,False,2025-02-08 17:29:12.173422
s0004,t0043,3.3,True,2025-01-07 17:29:12.189054
s0238,t0115,3.8,True,2024-09-14 17:29:12.204674
s0329,t0020,4.8,True,2025-04-14 17:29:12.220300
s0509,t0109,3.5,True,2025-09-02 17:29:12.235923
s0823,t0099,3.8,True,2025-01-30 17:29:12.251549
s0170,t0032,3.5,False,2024-12-18 17:29:12.267172
s0387,t0120,4.2,True,2025-06-08 17:29:12.282798
s0530,t0083,3.3,False,2024-12-09 17:29:12.298425
s0047,t0097,3.9,True,2025-01-03 17:29:12.329672
s0614,t0103,3.5,True,2025-02-16 17:29:12.345300
s0756,t0164,3.4,True,2024-12-05 17:29:12.360927
s0896,t0133,4.0,True,2024-10-24 17:29:12.376546
s0703,t0020,4.8,False,2025-08-24 17:29:12.392176
s0639,t0011,3.6,True,2025-06-26 17:29:12.407802
s0418,t0036,3.4,False,2024-10-25 17:29:12.423427
s0364,t0094,4.2,True,2024-11-08 17:29:12.440220
s0844,t0106,3.8,False,2024-09-30 17:29:12.455852
s0508,t0164,3.8,True,2025-04-27 17:29:12.471479
s0703,t0036,3.9,True,2024-11-27 17:29:12.487106
s0663,t0095,4.3,True,2024-10-03 17:29:12.502728
s1000,t0141,3.6,False,2024-11-26 17:29:12.518349
s0930,t0074,4.0,True,2024-11-06 17:29:12.533976
s0100,t0184,3.5,False,2025-06-20 17:29:12.549603
s0721,t0072,3.6,True,2025-04-05 17:29:12.565225
s0060,t0197,3.4,True,2025-02-13 17:29:12.596473
s0559,t0018,3.0,True,2024-12-13 17:29:12.612102
s0792,t0014,4.5,False,2025-05-01 17:29:12.612102
s0802,t0140,3.7,True,2025-04-10 17:29:12.627724
s0535,t0025,3.6,False,2025-01-01 17:29:12.643352
s0143,t0097,3.6,True,2025-07-14 17:29:12.674636
s0350,t0060,3.2,False,2024-11-15 17:29:12.674636
s0629,t0186,3.6,False,2025-06-02 17:29:12.705859
s0392,t0105,3.4,True,2024-09-23 17:29:12.721484
s0350,t0186,3.8,True,2025-02-12 17:29:12.761229
s0704,t0091,3.7,True,2025-06-19 17:29:12.776420
s0345,t0006,4.1,True,2025-01-03 17:29:12.788039
s0270,t0120,4.3,True,2025-03-21 17:29:12.803666
s0211,t0139,4.0,False,2024-11-22 17:29:12.819289
s0663,t0030,3.7,True,2025-06-12 17:29:12.834916
s0099,t0128,4.2,True,2024-12-06 17:29:12.850540
s0607,t0200,3.4,True,2025-03-02 17:29:12.866168
s0267,t0026,5.0,False,2025-07-05 17:29:12.881792
s0932,t0025,4.1,False,2025-06-17 17:29:12.897416
s0102,t0192,3.8,True,2024-09-15 17:29:12.913041
s0075,t0129,3.6,True,2024-11-30 17:29:12.928664
s0076,t0115,4.1,True,2025-06-12 17:29:12.944293
s0777,t0112,3.8,True,2025-05-27 17:29:12.959916
s0969,t0048,3.2,True,2025-05-29 17:29:12.975091
s0853,t0075,3.7,True,2025-06-26 17:29:12.990727
s0509,t0073,3.1,True,2024-12-01 17:29:13.006346
s0494,t0060,3.6,True,2024-12-05 17:29:13.021972
s0372,t0042,3.6,True,2024-12-01 17:29:13.037599
s0705,t0075,4.6,True,2024-10-07 17:29:13.053224
s0703,t0167,3.5,True,2025-01-09 17:29:13.068847
s0603,t0050,3.5,True,2025-02-10 17:29:13.084474
s0257,t0047,2.8,False,2024-11-30 17:29:13.100100
s0647,t0121,4.5,False,2024-11-27 17:29:13.115719
s0585,t0191,3.7,True,2025-04-18 17:29:13.146970
s0853,t0075,3.9,True,2025-05-30 17:29:13.162593
s0210,t0051,4.7,True,2025-02-11 17:29:13.178219
s0918,t0121,3.4,True,2025-06-18 17:29:13.193850
s0306,t0093,4.4,True,2025-08-29 17:29:13.209469
s0847,t0189,3.3,False,2025-07-14 17:29:13.225093
s0604,t0069,3.7,True,2025-03-29 17:29:13.240735
s0965,t0199,3.9,True,2025-08-13 17:29:13.256353
s0073,t0138,3.3,True,2024-11-23 17:29:13.271975
s0924,t0109,3.6,False,2024-11-07 17:29:13.287599
s0512,t0118,3.5,True,2025-04-07 17:29:13.303219
s0505,t0155,3.8,True,2024-09-18 17:29:13.318845
s0474,t0190,4.6,True,2024-09-27 17:29:13.334470
s0407,t0144,4.5,True,2024-10-13 17:29:13.350095
s0342,t0029,3.8,True,2025-01-27 17:29:13.365719
s0741,t0155,3.6,True,2025-09-05 17:29:13.381347
s0479,t0132,3.8,True,2024-11-11 17:29:13.396970
s0622,t0039,4.5,False,2025-04-11 17:29:13.412597
s0355,t0005,3.4,True,2025-06-21 17:29:13.428219
s0829,t0085,3.9,True,2025-05-23 17:29:13.443845
s0195,t0033,4.3,True,2024-10-02 17:29:13.459471
s0176,t0042,3.4,False,2025-09-10 17:29:13.475104
s0848,t0065,4.1,True,2025-06-30 17:29:13.506351
s0168,t0119,3.7,True,2024-11-03 17:29:13.506351
s0351,t0184,3.2,True,2024-11-23 17:29:13.523404
s0007,t0125,4.2,True,2024-11-30 17:29:13.539036
s0435,t0149,4.1,True,2025-06-01 17:29:13.554660
s0530,t0047,3.5,True,2025-08-02 17:29:13.585909
s0095,t0046,3.5,False,2024-10-21 17:29:13.601534
s0371,t0034,3.8,True,2025-01-05 17:29:13.617160
s0564,t0025,4.5,True,2025-08-30 17:29:13.632777
s0596,t0197,4.1,True,2025-02-23 17:29:13.648403
s0708,t0020,4.0,True,2025-06-24 17:29:13.664031
s0883,t0148,4.8,True,2025-07-17 17:29:13.679657
s0594,t0192,3.1,False,2024-09-22 17:29:13.710918
s0101,t0189,3.4,True,2025-01-03 17:29:13.726532
s0021,t0058,3.9,True,2025-05-20 17:29:13.757797
s0449,t0183,4.0,True,2024-12-06 17:29:13.773418
s0477,t0165,4.1,True,2025-09-06 17:29:13.801802
s0353,t0196,4.3,True,2025-05-14 17:29:13.818316
s0611,t0124,3.6,True,2025-09-04 17:29:13.823642
s0300,t0054,3.6,True,2025-08-11 17:29:13.839277
s0171,t0164,3.4,True,2024-12-04 17:29:13.854889
s0085,t0086,3.8,False,2025-08-25 17:29:13.886138
s0546,t0113,4.5,True,2025-07-26 17:29:13.901763
s0787,t0059,4.1,True,2025-03-12 17:29:13.917390
s0015,t0163,3.6,True,2025-04-26 17:29:13.933015
s0215,t0070,3.3,False,2025-03-06 17:29:13.948643
s0992,t0037,3.9,False,2025-01-19 17:29:13.964265
s0299,t0193,3.4,True,2025-08-22 17:29:13.979891
s0816,t0080,4.3,False,2024-12-26 17:29:13.995516
s0328,t0089,3.5,True,2025-06-07 17:29:14.011140
s0102,t0074,3.4,True,2025-02-20 17:29:14.039630
s0451,t0147,3.7,True,2024-10-29 17:29:14.055261
s0011,t0069,3.2,True,2025-01-24 17:29:14.070884
s0693,t0017,3.2,True,2025-03-23 17:29:14.086509
s0843,t0005,3.7,False,2024-10-11 17:29:14.102134
s0125,t0095,3.9,True,2025-03-30 17:29:14.117763
s0953,t0020,4.2,True,2025-07-02 17:29:14.133385
s0351,t0092,3.2,True,2024-10-08 17:29:14.149009
s0006,t0187,3.7,True,2025-01-28 17:29:14.171989
s0403,t0132,2.8,False,2025-01-24 17:29:14.187615
s0056,t0038,4.6,True,2024-12-30 17:29:14.203240
s0263,t0149,3.7,True,2025-04-07 17:29:14.218868
s0416,t0037,3.8,True,2024-12-22 17:29:14.234490
s0668,t0008,3.7,True,2025-01-16 17:29:14.250116
s0586,t0105,4.6,True,2024-10-16 17:29:14.265741
s0978,t0002,3.4,True,2024-12-27 17:29:14.281366
s0323,t0067,3.6,True,2024-11-29 17:29:14.296991
s0027,t0017,4.1,True,2024-10-28 17:29:14.312620
s0675,t0165,4.4,True,2025-04-07 17:29:14.328243
s0511,t0036,3.8,True,2024-09-28 17:29:14.343872
s0748,t0165,3.9,True,2025-01-06 17:29:14.359500
s0490,t0033,4.2,True,2024-12-12 17:29:14.390744
s0188,t0099,3.7,True,2025-03-02 17:29:14.406372
s0482,t0097,4.0,True,2024-11-20 17:29:14.421993
s0401,t0053,3.5,True,2025-09-12 17:29:14.437617
s0114,t0093,3.8,True,2025-07-04 17:29:14.453241
s0692,t0173,4.1,False,2024-10-06 17:29:14.468867
s0406,t0143,4.1,True,2025-03-04 17:29:14.484495
s0691,t0158,4.0,True,2025-05-28 17:29:14.500121
s0806,t0105,3.5,True,2024-12-26 17:29:14.515745
s0505,t0164,3.2,True,2025-05-22 17:29:14.531375
s0202,t0110,3.1,False,2025-01-24 17:29:14.546995
s0938,t0055,4.7,False,2025-06-07 17:29:14.572968
s0543,t0048,4.2,False,2025-01-20 17:29:14.588600
s0862,t0118,3.4,True,2025-06-12 17:29:14.604223
s0559,t0093,4.0,False,2025-07-03 17:29:14.619848
s0762,t0173,3.8,True,2025-03-12 17:29:14.635475
s0192,t0138,3.6,False,2024-11-05 17:29:14.651096
s0442,t0182,3.0,False,2024-10-16 17:29:14.666725
s0315,t0074,3.6,True,2025-02-15 17:29:14.682349
s0497,t0057,4.6,False,2025-02-01 17:29:14.697976
s0968,t0020,4.1,False,2024-12-04 17:29:14.729229
s0275,t0128,4.9,True,2025-08-03 17:29:14.760477
s0468,t0079,2.6,True,2025-07-14 17:29:14.791725
s0760,t0021,3.8,True,2024-09-21 17:29:14.819226
s0236,t0113,3.7,True,2025-03-26 17:29:14.835083
s0929,t0074,3.4,False,2025-07-13 17:29:14.853170
s0304,t0054,3.0,True,2025-02-19 17:29:14.868793
s0261,t0025,3.8,False,2025-05-17 17:29:14.884418
s0870,t0141,3.8,True,2025-04-17 17:29:14.900042
s0978,t0039,4.2,True,2024-09-15 17:29:14.915666
s0908,t0033,4.4,True,2025-05-10 17:29:14.931296
s0726,t0078,3.4,False,2025-06-06 17:29:14.946919
s0718,t0189,3.5,True,2025-04-17 17:29:14.962545
s0228,t0098,3.7,True,2024-11-14 17:29:14.978169
s0161,t0048,3.6,False,2025-04-22 17:29:14.993793
s0836,t0179,3.1,False,2025-08-31 17:29:15.009417
s0596,t0097,2.9,False,2024-12-11 17:29:15.025044
s0924,t0189,3.7,True,2025-09-13 17:29:15.056311
s0148,t0178,3.0,False,2025-07-22 17:29:15.071927
s0872,t0018,3.9,False,2025-04-06 17:29:15.089327
s0839,t0134,3.9,True,2025-07-27 17:29:15.104961
s0009,t0163,3.3,True,2024-09-28 17:29:15.120580
s0853,t0025,3.8,True,2025-02-23 17:29:15.136207
s0006,t0093,3.6,True,2024-11-01 17:29:15.151832
s0128,t0029,3.6,True,2024-12-31 17:29:15.167457
s0702,t0050,3.4,True,2025-08-02 17:29:15.183082
s0963,t0184,3.3,False,2025-07-02 17:29:15.198707
s0219,t0121,3.5,True,2025-08-22 17:29:15.214333
s0210,t0191,4.0,True,2025-07-24 17:29:15.229955
s0950,t0064,3.3,True,2024-11-29 17:29:15.245581
s0286,t0112,3.6,False,2025-02-19 17:29:15.261206
s0121,t0129,3.1,True,2025-04-12 17:29:15.276834
s0284,t0166,3.0,True,2025-05-16 17:29:15.308081
s0038,t0181,3.8,True,2025-07-27 17:29:15.323708
s0113,t0092,3.2,True,2025-06-11 17:29:15.339340
s0742,t0148,4.2,True,2025-06-14 17:29:15.354964
s0745,t0147,3.8,True,2025-05-12 17:29:15.386209
s0595,t0015,3.7,True,2025-07-28 17:29:15.401833
s0799,t0081,3.4,True,2024-12-17 17:29:15.417456
s0440,t0178,2.9,True,2025-02-25 17:29:15.433082
s0413,t0164,3.7,False,2025-04-28 17:29:15.464332
s0891,t0154,3.7,True,2025-02-06 17:29:15.479958
s0097,t0182,2.8,False,2024-12-17 17:29:15.495580
s0329,t0131,3.5,False,2025-06-13 17:29:15.511206
s0783,t0119,3.8,True,2024-10-06 17:29:15.526832
s0458,t0100,3.3,False,2025-02-12 17:29:15.542455
s0456,t0055,4.3,False,2025-06-28 17:29:15.558085
s0769,t0175,4.2,False,2025-06-21 17:29:15.573711
s0367,t0093,4.1,True,2025-07-06 17:29:15.589336
s0250,t0057,4.5,False,2024-09-22 17:29:15.604964
s0011,t0191,3.3,True,2024-11-15 17:29:15.623289
s0484,t0051,4.6,True,2025-03-21 17:29:15.638918
s0167,t0060,3.6,True,2024-10-02 17:29:15.654541
s0190,t0074,3.6,True,2025-04-24 17:29:15.670166
s0206,t0115,3.9,False,2025-07-17 17:29:15.685789
s0330,t0194,4.4,False,2025-01-03 17:29:15.701414
s0632,t0128,3.8,True,2025-08-20 17:29:15.717036
s0263,t0136,3.7,True,2024-10-20 17:29:15.748301
s0138,t0017,3.3,True,2025-04-19 17:29:15.779554
s0931,t0047,3.1,False,2024-11-02 17:29:15.795178
s0527,t0050,3.1,True,2024-12-18 17:29:15.823739
s0761,t0136,3.4,False,2024-11-03 17:29:15.835733
s0940,t0120,4.4,True,2025-07-22 17:29:15.837311
s0745,t0092,3.7,False,2024-10-03 17:29:15.852938
s0096,t0129,4.0,True,2024-11-14 17:29:15.868565
s0481,t0199,3.6,True,2025-05-28 17:29:15.884186
s0615,t0042,3.3,True,2024-09-22 17:29:15.915444
s0711,t0095,3.5,True,2025-06-27 17:29:15.931068
s0697,t0104,3.2,True,2025-06-25 17:29:15.946692
s0746,t0021,3.6,False,2025-01-26 17:29:15.962318
s0110,t0089,3.7,True,2025-04-27 17:29:15.977935
s0606,t0038,4.4,True,2024-12-14 17:29:15.993561
s0011,t0092,3.8,False,2024-10-07 17:29:16.009189
s0341,t0159,4.3,True,2025-07-26 17:29:16.024813
s0419,t0140,4.6,True,2024-09-13 17:29:16.040474
s0419,t0095,4.6,True,2025-04-09 17:29:16.056065
s0083,t0050,3.5,True,2024-12-05 17:29:16.071689
s0077,t0040,3.6,True,2025-06-08 17:29:16.087312
s0765,t0150,3.7,False,2024-10-11 17:29:16.102939
s0322,t0020,4.9,True,2025-03-09 17:29:16.118564
s0890,t0100,3.4,False,2025-03-06 17:29:16.149813
s0332,t0017,4.0,False,2024-10-14 17:29:16.156004
s0266,t0040,3.7,False,2025-08-06 17:29:16.171638
s0825,t0191,4.3,True,2025-06-03 17:29:16.187259
s0502,t0074,3.4,True,2024-09-23 17:29:16.218508
s0994,t0030,3.8,True,2024-10-25 17:29:16.234135
s0195,t0092,4.0,True,2025-06-02 17:29:16.249761
s0761,t0080,4.6,True,2024-10-15 17:29:16.265381
s0254,t0106,3.1,True,2025-09-06 17:29:16.281008
s0043,t0054,3.4,True,2025-03-19 17:29:16.296636
s0913,t0007,3.2,True,2025-08-06 17:29:16.312262
s0924,t0064,3.7,True,2024-10-02 17:29:16.327883
s0675,t0031,3.6,True,2024-10-04 17:29:16.343509
s0557,t0067,3.1,True,2025-05-02 17:29:16.359135
s0727,t0091,3.0,False,2025-04-05 17:29:16.390385
s0283,t0032,3.9,False,2024-12-13 17:29:16.406020
s0278,t0194,3.9,True,2025-05-25 17:29:16.421636
s0473,t0089,3.9,True,2025-01-03 17:29:16.452881
s0152,t0035,4.0,True,2025-04-30 17:29:16.468513
s0646,t0017,3.6,True,2025-02-15 17:29:16.484137
s0598,t0042,3.8,True,2025-06-24 17:29:16.515388
s0850,t0017,3.8,True,2025-08-04 17:29:16.531012
s0197,t0005,3.1,True,2025-01-28 17:29:16.562268
s0497,t0118,3.6,False,2024-11-07 17:29:16.577885
s0249,t0075,4.2,True,2025-02-24 17:29:16.609161
s0726,t0017,3.8,True,2025-02-09 17:29:16.640400
s0231,t0073,3.7,False,2025-05-10 17:29:16.656011
s0134,t0047,3.3,True,2025-09-05 17:29:16.671639
s0192,t0036,3.5,False,2025-04-14 17:29:16.689218
s0976,t0029,4.1,True,2025-02-01 17:29:16.720473
s0564,t0093,3.9,False,2024-11-20 17:29:16.736106
s0665,t0164,3.1,True,2025-09-09 17:29:16.767359
s0611,t0107,3.3,False,2025-09-03 17:29:16.798613
s0396,t0185,3.8,False,2025-09-03 17:29:16.814221
s0018,t0018,3.5,True,2025-06-18 17:29:16.845471
s0556,t0126,4.3,True,2025-09-13 17:29:16.865263
s0595,t0180,3.7,True,2025-02-03 17:29:16.880522
s0998,t0184,3.1,False,2025-04-01 17:29:16.889890
s0750,t0106,3.4,True,2025-05-22 17:29:16.905513
s0603,t0154,3.6,True,2025-08-16 17:29:16.921139
s0823,t0166,3.8,True,2024-11-18 17:29:16.936763
s0840,t0020,4.0,True,2024-11-15 17:29:16.968009
s0475,t0138,3.4,True,2025-08-21 17:29:16.983637
s0222,t0021,4.1,False,2024-11-26 17:29:16.999261
s0386,t0069,4.0,True,2025-07-03 17:29:17.014891
s0144,t0059,3.9,True,2025-02-19 17:29:17.030508
s0794,t0155,4.7,True,2025-07-28 17:29:17.046140
s0378,t0176,4.7,True,2024-11-13 17:29:17.061764
s0891,t0154,3.1,True,2025-08-10 17:29:17.077389
s0615,t0147,3.4,True,2025-08-16 17:29:17.093009
s0122,t0122,3.5,True,2025-05-04 17:29:17.108635
s0959,t0147,4.3,True,2024-11-01 17:29:17.124266
s0771,t0136,3.3,False,2024-10-09 17:29:17.139889
s0933,t0094,4.0,True,2024-12-15 17:29:17.155521
s0613,t0040,3.7,True,2025-04-14 17:29:17.171141
s0293,t0186,3.9,True,2025-01-18 17:29:17.186760
s0376,t0156,3.3,True,2024-11-14 17:29:17.218009
s0529,t0186,4.3,True,2025-05-12 17:29:17.222682
s0114,t0151,4.5,True,2025-01-31 17:29:17.238310
s0255,t0020,4.3,False,2024-12-25 17:29:17.253935
s0365,t0164,3.8,False,2025-08-15 17:29:17.269560
s0854,t0050,3.4,False,2025-09-01 17:29:17.285188
s0819,t0009,4.4,False,2024-11-15 17:29:17.300809
s0220,t0095,4.0,False,2025-05-22 17:29:17.316436
s0288,t0093,4.3,True,2024-12-28 17:29:17.332059
s0800,t0191,3.8,True,2025-04-22 17:29:17.363308
s0114,t0171,4.3,False,2025-05-16 17:29:17.378933
s0431,t0137,4.6,True,2025-08-10 17:29:17.394562
s0892,t0132,3.0,True,2025-01-14 17:29:17.410187
s0263,t0141,3.9,True,2024-12-18 17:29:17.425813
s0108,t0066,3.9,True,2025-08-26 17:29:17.441432
s0733,t0112,3.7,True,2025-02-22 17:29:17.457060
s0190,t0191,4.0,True,2024-12-19 17:29:17.472705
s0418,t0129,3.6,True,2025-02-08 17:29:17.488311
s0938,t0178,2.9,True,2025-09-01 17:29:17.503934
s0838,t0120,4.4,True,2025-03-07 17:29:17.519559
s0206,t0074,3.6,True,2025-01-12 17:29:17.535188
s0858,t0065,3.3,True,2024-11-22 17:29:17.550808
s0833,t0054,3.6,True,2025-07-16 17:29:17.566437
s0900,t0038,4.3,True,2024-12-01 17:29:17.582063
s0123,t0047,3.7,True,2025-07-10 17:29:17.597684
s0385,t0042,3.2,True,2025-08-25 17:29:17.613313
s0916,t0154,3.6,True,2025-02-14 17:29:17.628933
s0319,t0095,4.2,True,2024-10-20 17:29:17.644558
s0802,t0104,3.4,True,2024-10-10 17:29:17.660183
s0503,t0194,4.4,True,2025-07-19 17:29:17.675809
s0841,t0008,3.7,True,2025-04-13 17:29:17.707061
s0398,t0150,3.8,True,2025-01-20 17:29:17.707061
s0338,t0102,3.3,True,2025-01-24 17:29:17.738812
s0065,t0048,3.3,True,2025-09-10 17:29:17.754442
s0498,t0122,3.8,True,2025-09-05 17:29:17.770085
s0974,t0113,3.6,False,2025-04-28 17:29:17.801328
s0933,t0004,4.0,False,2025-09-02 17:29:17.816951
s0800,t0192,3.2,True,2024-12-22 17:29:17.849845
s0785,t0112,3.7,False,2025-01-17 17:29:17.867593
s0320,t0075,4.5,False,2025-01-11 17:29:17.870173
s0916,t0192,3.2,True,2025-08-01 17:29:17.885799
s0162,t0189,3.6,False,2025-06-05 17:29:17.901426
s0639,t0172,3.4,True,2024-12-05 17:29:17.917050
s0961,t0158,3.3,True,2024-10-27 17:29:17.948304
s0558,t0131,4.2,True,2024-10-27 17:29:17.963922
s0642,t0191,4.3,True,2025-06-19 17:29:17.979550
s0868,t0171,3.7,False,2025-08-24 17:29:17.995176
s0495,t0065,3.7,True,2024-12-26 17:29:18.010801
s0789,t0156,3.5,True,2025-06-02 17:29:18.026425
s0289,t0191,3.9,True,2025-07-02 17:29:18.042048
s0117,t0013,3.7,False,2025-06-27 17:29:18.057675
s0809,t0088,3.1,True,2025-07-21 17:29:18.073308
s0117,t0065,3.4,True,2025-02-15 17:29:18.088929
s0538,t0112,3.0,True,2025-09-10 17:29:18.104556
s0220,t0036,3.5,True,2025-04-26 17:29:18.120177
s0502,t0147,4.1,True,2025-05-22 17:29:18.151428
s0245,t0087,4.0,True,2024-11-06 17:29:18.167048
s0662,t0186,4.2,True,2025-04-23 17:29:18.182679
s0133,t0138,3.9,True,2025-02-04 17:29:18.198306
s0399,t0180,4.2,True,2025-01-29 17:29:18.213928
s0508,t0164,4.0,True,2025-03-05 17:29:18.229554
s0115,t0046,3.8,True,2024-10-19 17:29:18.245180
s0046,t0015,3.6,True,2024-10-14 17:29:18.260796
s0218,t0060,3.3,True,2025-03-11 17:29:18.287820
s0587,t0018,3.2,False,2025-07-13 17:29:18.303442
s0707,t0192,3.8,False,2024-09-18 17:29:18.319071
s0681,t0147,4.0,False,2025-03-12 17:29:18.334690
s0477,t0125,3.5,True,2024-11-29 17:29:18.350318
s0064,t0178,3.0,True,2024-09-19 17:29:18.365946
s0967,t0105,4.1,True,2025-08-17 17:29:18.381567
s0224,t0191,3.9,False,2024-10-29 17:29:18.397191
s0363,t0067,3.2,False,2025-06-22 17:29:18.428447
s0163,t0070,3.9,True,2025-02-16 17:29:18.444068
s0353,t0143,3.8,True,2025-05-18 17:29:18.459689
s0735,t0093,3.6,True,2024-11-22 17:29:18.475314
s0218,t0051,4.4,True,2024-10-23 17:29:18.506586
s0691,t0073,3.0,False,2025-03-09 17:29:18.522201
s0257,t0047,3.7,False,2025-04-07 17:29:18.537819
s0367,t0065,3.1,False,2025-05-27 17:29:18.553440
s0201,t0146,3.9,True,2025-07-20 17:29:18.569064
s0785,t0005,4.0,True,2024-09-30 17:29:18.584690
s0274,t0146,3.0,False,2024-12-25 17:29:18.600316
s0516,t0197,4.0,True,2025-08-27 17:29:18.615941
s0107,t0092,3.4,True,2025-05-30 17:29:18.631565
s0288,t0078,4.7,True,2025-03-03 17:29:18.647195
s0061,t0138,3.2,False,2024-09-13 17:29:18.662817
s0908,t0163,3.3,True,2025-02-03 17:29:18.678445
s0938,t0055,4.5,False,2025-06-06 17:29:18.694066
s0374,t0142,3.8,True,2025-03-07 17:29:18.725314
s0855,t0068,4.0,True,2025-03-31 17:29:18.740943
s0100,t0164,3.2,True,2025-06-04 17:29:18.756573
s0316,t0008,4.2,True,2025-04-11 17:29:18.772203
s0827,t0187,3.5,True,2025-03-19 17:29:18.787820
s0019,t0004,3.9,False,2025-07-06 17:29:18.806457
s0289,t0147,3.7,True,2025-02-28 17:29:18.837717
s0664,t0184,3.5,False,2024-09-28 17:29:18.860286
s0048,t0147,3.7,True,2025-01-15 17:29:18.876994
s0207,t0158,3.2,True,2025-07-24 17:29:18.886596
s0746,t0186,3.6,True,2025-07-24 17:29:18.902229
s0351,t0039,3.5,True,2025-03-11 17:29:18.917852
s0310,t0073,3.7,True,2025-02-10 17:29:18.933473
s0341,t0159,4.3,True,2025-03-03 17:29:18.949102
s0700,t0081,4.3,False,2025-04-10 17:29:18.964728
s0247,t0105,4.1,True,2025-08-26 17:29:18.980349
s0676,t0138,3.2,True,2025-02-12 17:29:18.995972
s0844,t0069,3.9,True,2025-04-16 17:29:19.011599
s0460,t0143,4.0,True,2024-11-05 17:29:19.027224
s0450,t0182,3.8,True,2025-04-26 17:29:19.058475
s0740,t0161,4.3,True,2024-10-31 17:29:19.074104
s0065,t0155,3.5,True,2024-12-07 17:29:19.105352
s0965,t0032,4.4,True,2025-03-03 17:29:19.120978
s0533,t0035,4.0,True,2025-04-03 17:29:19.136603
s0775,t0028,4.0,True,2025-04-01 17:29:19.167851
s0112,t0155,3.8,False,2025-03-05 17:29:19.183484
s0292,t0187,4.4,True,2025-08-05 17:29:19.199103
s0412,t0129,3.3,True,2024-12-23 17:29:19.214742
s0819,t0017,4.3,True,2024-09-27 17:29:19.245976
s0885,t0155,4.5,False,2025-03-22 17:29:19.261606
s0907,t0189,3.5,False,2025-06-30 17:29:19.277224
s0899,t0053,3.4,True,2025-07-09 17:29:19.292852
s0756,t0036,4.0,True,2024-11-18 17:29:19.308470
s0118,t0199,3.7,True,2024-09-30 17:29:19.324097
s0458,t0005,3.5,True,2025-06-21 17:29:19.339737
s0077,t0197,3.6,True,2025-07-16 17:29:19.355343
s0566,t0188,4.4,False,2025-02-03 17:29:19.386594
s0813,t0114,3.3,True,2024-11-25 17:29:19.402216
s0214,t0093,3.9,False,2024-11-18 17:29:19.417847
s0723,t0007,3.5,False,2025-04-01 17:29:19.433473
s0133,t0034,4.1,True,2025-09-05 17:29:19.449097
s0992,t0037,4.4,True,2024-10-27 17:29:19.464721
s0839,t0071,4.5,True,2025-06-22 17:29:19.480343
s0979,t0011,4.1,True,2025-03-08 17:29:19.495969
s0992,t0189,3.8,False,2024-09-29 17:29:19.527224
s0391,t0186,4.2,True,2024-10-02 17:29:19.542846
s0076,t0199,3.7,True,2025-03-28 17:29:19.558470
s0200,t0097,3.9,True,2025-07-19 17:29:19.574101
s0912,t0035,4.6,True,2025-05-03 17:29:19.589723
s0013,t0184,3.4,True,2025-01-20 17:29:19.605348
s0443,t0052,3.5,True,2024-10-12 17:29:19.620971
s0622,t0093,4.4,False,2025-07-26 17:29:19.636594
s0134,t0164,3.5,False,2025-06-13 17:29:19.652228
s0543,t0191,4.4,True,2025-08-28 17:29:19.667849
s0080,t0134,4.2,True,2024-11-30 17:29:19.683470
s0436,t0132,2.9,True,2025-07-30 17:29:19.699096
s0864,t0111,4.1,False,2024-10-15 17:29:19.714719
s0455,t0050,3.7,True,2024-10-05 17:29:19.730343
s0483,t0112,3.7,False,2024-11-18 17:29:19.745969
s0409,t0137,4.7,True,2025-08-06 17:29:19.761593
s0364,t0051,4.5,True,2025-03-31 17:29:19.777219
s0438,t0142,3.9,True,2024-12-27 17:29:19.808471
s0951,t0125,4.4,True,2025-06-03 17:29:19.824110
s0496,t0179,4.1,True,2025-02-25 17:29:19.855357
s0893,t0042,3.6,True,2025-06-06 17:29:19.877731
s0280,t0047,3.8,True,2024-11-27 17:29:19.893525
s0081,t0196,4.5,True,2024-10-26 17:29:19.903014
s0259,t0108,4.3,True,2025-05-12 17:29:19.918639
s0518,t0048,3.5,True,2025-01-24 17:29:19.934267
s0347,t0101,3.0,True,2024-11-30 17:29:19.949889
s0824,t0147,3.5,True,2025-08-26 17:29:19.965518
s0981,t0121,3.2,True,2024-11-28 17:29:19.981139
s0224,t0048,3.7,False,2025-04-28 17:29:19.996767
s0212,t0157,4.6,True,2025-03-10 17:29:20.028013
s0966,t0189,4.4,True,2025-09-08 17:29:20.043644
s0759,t0097,3.5,True,2024-10-10 17:29:20.059264
s0514,t0125,4.1,False,2025-02-07 17:29:20.074888
s0821,t0184,3.2,True,2025-06-04 17:29:20.090511
s0704,t0150,3.6,True,2025-05-13 17:29:20.106146
s0667,t0118,3.5,True,2024-11-29 17:29:20.121769
s0537,t0016,3.1,False,2025-06-05 17:29:20.137392
s0068,t0132,3.2,True,2024-11-05 17:29:20.153015
s0432,t0050,3.5,False,2024-10-14 17:29:20.168645
s0577,t0104,3.3,True,2024-12-14 17:29:20.184264
s0498,t0109,4.4,True,2025-07-10 17:29:20.199889
s0203,t0004,3.7,True,2025-03-25 17:29:20.215517
s0860,t0057,4.3,True,2025-03-05 17:29:20.246767
s0633,t0108,4.2,True,2025-09-02 17:29:20.262389
s0107,t0063,4.3,True,2025-07-26 17:29:20.278012
s0339,t0159,3.2,True,2025-05-04 17:29:20.293638
s0815,t0031,4.0,True,2024-11-24 17:29:20.309264
s0443,t0105,3.5,True,2024-10-08 17:29:20.324890
s0127,t0017,4.0,False,2025-06-07 17:29:20.340516
s0889,t0175,4.1,True,2025-06-02 17:29:20.356143
s0629,t0196,4.1,False,2024-09-21 17:29:20.371776
s0024,t0132,3.2,True,2024-12-17 17:29:20.387392
s0281,t0159,3.3,False,2024-11-07 17:29:20.423096
s0679,t0042,3.4,False,2024-10-07 17:29:20.454346
s0876,t0075,3.5,False,2025-07-24 17:29:20.469970
s0794,t0155,4.8,True,2025-03-27 17:29:20.501221
s0186,t0191,4.2,True,2025-05-17 17:29:20.516841
s0039,t0131,3.6,True,2025-08-28 17:29:20.532473
s0997,t0164,2.7,False,2025-04-22 17:29:20.563718
s0984,t0186,3.7,True,2024-09-16 17:29:20.579339
s0101,t0112,3.5,False,2025-02-01 17:29:20.594972
s0313,t0051,3.9,True,2025-08-20 17:29:20.610593
s0027,t0033,3.5,False,2025-04-10 17:29:20.626220
s0914,t0128,5.0,True,2025-07-26 17:29:20.641842
s0460,t0148,4.8,True,2024-10-27 17:29:20.657469
s0930,t0155,4.2,True,2025-09-02 17:29:20.688737
s0721,t0092,4.0,True,2025-02-14 17:29:20.704346
s0172,t0132,3.0,True,2024-12-27 17:29:20.719969
s0122,t0008,4.0,True,2024-11-17 17:29:20.735598
s0501,t0032,4.2,True,2024-09-14 17:29:20.751220
s0550,t0038,4.1,True,2025-05-26 17:29:20.766843
s0566,t0199,3.3,True,2025-05-17 17:29:20.782468
s0848,t0033,3.9,False,2024-09-27 17:29:20.798093
s0804,t0138,3.7,True,2024-10-10 17:29:20.829362
s0469,t0095,4.1,False,2024-12-02 17:29:20.844983
s0811,t0073,3.7,False,2025-05-06 17:29:20.876220
s0180,t0088,3.9,False,2024-09-15 17:29:20.906830
s0614,t0138,3.4,True,2025-09-02 17:29:20.923561
s0832,t0181,3.7,True,2025-03-12 17:29:20.936126
s0448,t0113,4.2,True,2024-12-15 17:29:20.951752
s0936,t0060,4.2,False,2025-06-30 17:29:20.967378
s0724,t0060,4.0,True,2025-04-19 17:29:20.983003
s0737,t0041,3.9,True,2024-11-25 17:29:20.998628
s0859,t0072,3.4,True,2025-08-16 17:29:21.014252
s0240,t0044,3.1,False,2025-02-15 17:29:21.029878
s0394,t0182,3.3,False,2025-05-31 17:29:21.045502
s0186,t0097,3.9,True,2025-06-13 17:29:21.061126
s0190,t0139,4.1,True,2025-05-04 17:29:21.076755
s0302,t0040,3.8,True,2024-12-11 17:29:21.092376
s0899,t0122,3.1,True,2025-06-02 17:29:21.108004
s0620,t0070,3.7,True,2025-05-12 17:29:21.123628
s0681,t0075,4.4,True,2025-02-24 17:29:21.139254
s0772,t0060,3.9,True,2025-03-27 17:29:21.170511
s0191,t0033,4.1,True,2025-03-15 17:29:21.186128
s0215,t0104,2.9,False,2025-01-16 17:29:21.201753
s0356,t0122,3.7,True,2024-10-09 17:29:21.217377
s0861,t0050,3.2,True,2025-08-28 17:29:21.233000
s0761,t0138,3.1,False,2024-10-15 17:29:21.248625
s0859,t0098,4.4,True,2025-02-19 17:29:21.264250
s0892,t0026,4.5,False,2025-05-09 17:29:21.279873
s0454,t0083,3.5,True,2025-04-05 17:29:21.295502
s0267,t0015,4.9,True,2024-09-13 17:29:21.311131
s0277,t0042,3.7,True,2024-09-21 17:29:21.326750
s0561,t0175,3.5,True,2025-05-10 17:29:21.342375
s0743,t0112,3.7,True,2025-08-17 17:29:21.357999
s0400,t0024,3.2,True,2025-09-11 17:29:21.373637
s0475,t0020,4.4,False,2024-12-09 17:29:21.389253
s0185,t0191,4.3,True,2025-08-25 17:29:21.404881
s0516,t0188,4.2,True,2024-12-15 17:29:21.420507
s0647,t0044,3.7,True,2025-05-04 17:29:21.436128
s0250,t0199,3.7,False,2025-05-25 17:29:21.454757
s0348,t0060,3.8,True,2024-11-19 17:29:21.470396
s0667,t0074,3.0,True,2024-10-01 17:29:21.486013
s0348,t0115,4.6,True,2025-08-03 17:29:21.517264
s0817,t0092,3.7,True,2024-12-08 17:29:21.532886
s0094,t0146,3.6,True,2025-07-21 17:29:21.548514
s0120,t0175,3.3,True,2024-12-12 17:29:21.564134
s0439,t0090,4.0,True,2024-12-10 17:29:21.579760
s0824,t0097,4.1,False,2025-03-26 17:29:21.595389
s0953,t0060,4.0,False,2025-05-26 17:29:21.611015
s0520,t0026,4.9,True,2025-05-11 17:29:21.626640
s0688,t0069,3.5,True,2025-04-11 17:29:21.642261
s0302,t0142,4.1,True,2025-03-10 17:29:21.657885
s0867,t0150,3.2,True,2025-04-24 17:29:21.673511
s0140,t0164,3.0,True,2025-09-12 17:29:21.689147
s0487,t0034,3.2,True,2025-04-02 17:29:21.704762
s0956,t0129,4.3,True,2025-06-24 17:29:21.720394
s0601,t0097,3.4,True,2025-08-07 17:29:21.736010
s0331,t0179,3.4,True,2025-06-02 17:29:21.751636
s0467,t0007,3.4,True,2025-07-08 17:29:21.767266
s0113,t0020,4.1,True,2024-11-11 17:29:21.782886
s0118,t0127,3.5,True,2025-09-13 17:29:21.798512
s0351,t0021,3.9,False,2025-08-20 17:29:21.814138
s0856,t0125,4.1,True,2025-06-12 17:29:21.829761
s0489,t0038,4.7,False,2025-09-07 17:29:21.861026
s0821,t0075,4.2,True,2024-10-02 17:29:21.876643
s0768,t0122,3.8,True,2025-03-02 17:29:21.908589
s0613,t0112,3.6,True,2025-03-30 17:29:21.923312
s0514,t0084,4.5,False,2025-03-01 17:29:21.935308
s0608,t0191,3.9,True,2025-05-16 17:29:21.935880
s0965,t0139,3.8,False,2025-04-02 17:29:21.967129
s0065,t0134,3.7,True,2025-05-25 17:29:21.982759
s0418,t0081,3.8,True,2025-03-20 17:29:21.987884
s0828,t0036,3.4,True,2024-09-30 17:29:22.003516
s0048,t0142,3.5,True,2024-10-04 17:29:22.034762
s0061,t0191,4.0,True,2024-11-22 17:29:22.050387
s0547,t0139,4.6,True,2024-12-20 17:29:22.066013
s0239,t0132,2.8,True,2025-03-15 17:29:22.081637
s0708,t0129,3.9,False,2025-03-15 17:29:22.097262
s0896,t0133,3.4,True,2025-07-01 17:29:22.112890
s0263,t0109,4.1,True,2025-08-03 17:29:22.128512
s0525,t0005,3.2,True,2025-05-16 17:29:22.144137
s0217,t0042,3.6,True,2025-04-18 17:29:22.159761
s0008,t0100,3.3,True,2025-07-10 17:29:22.191017
s0929,t0063,4.5,False,2025-02-28 17:29:22.206638
s0135,t0029,4.3,True,2025-05-16 17:29:22.222262
s0103,t0158,3.2,False,2025-06-23 17:29:22.237891
s0866,t0012,4.6,True,2025-04-07 17:29:22.253518
s0754,t0138,3.6,False,2024-12-07 17:29:22.253518
s0443,t0166,3.7,True,2024-10-03 17:29:22.269138
s0285,t0069,3.2,True,2025-07-18 17:29:22.300384
s0861,t0059,4.7,True,2025-06-12 17:29:22.300384
s0426,t0100,3.4,True,2025-02-17 17:29:22.316019
s0337,t0078,3.9,True,2025-02-16 17:29:22.347261
s0802,t0114,3.4,True,2025-07-21 17:29:22.362889
s0606,t0009,4.0,True,2025-06-28 17:29:22.378513
s0622,t0191,4.4,True,2025-02-08 17:29:22.394136
s0189,t0025,4.2,False,2024-11-27 17:29:22.409761
s0566,t0020,4.4,True,2025-08-13 17:29:22.425388
s0777,t0056,3.7,True,2025-04-26 17:29:22.441010
s0277,t0020,4.6,False,2024-10-15 17:29:22.456636
s0002,t0030,3.7,False,2025-09-13 17:29:22.472264
s0767,t0090,3.7,True,2025-03-09 17:29:22.487889
s0967,t0181,4.5,False,2024-12-25 17:29:22.503518
s0349,t0156,2.8,True,2025-04-23 17:29:22.522105
s0480,t0136,3.9,False,2025-06-08 17:29:22.537743
s0405,t0093,3.4,True,2025-03-15 17:29:22.553363
s0270,t0184,3.0,True,2024-12-03 17:29:22.568983
s0003,t0120,4.4,True,2025-04-11 17:29:22.600234
s0517,t0087,3.2,True,2024-12-09 17:29:22.615859
s0701,t0088,3.8,True,2024-12-28 17:29:22.631487
s0284,t0033,3.5,False,2025-04-13 17:29:22.647108
s0519,t0099,3.6,True,2025-08-31 17:29:22.662733
s0509,t0175,3.4,True,2025-01-02 17:29:22.678362
s0452,t0119,4.1,False,2025-01-18 17:29:22.693981
s0692,t0162,4.4,True,2025-05-01 17:29:22.709609
s0634,t0049,4.3,True,2024-10-28 17:29:22.725235
s0285,t0081,3.3,False,2024-09-27 17:29:22.740858
s0035,t0102,3.4,True,2025-01-01 17:29:22.756481
s0894,t0064,3.4,True,2025-01-24 17:29:22.772114
s0953,t0192,3.3,True,2025-08-07 17:29:22.787734
s0206,t0077,3.3,True,2025-01-27 17:29:22.803364
s0181,t0017,4.1,True,2024-10-04 17:29:22.818986
s0545,t0097,3.6,True,2025-09-06 17:29:22.834613
s0167,t0037,4.6,True,2024-12-07 17:29:22.865876
s0008,t0003,3.7,False,2025-09-01 17:29:22.897121
s0193,t0065,3.2,True,2025-02-10 17:29:22.943998
s0010,t0021,3.7,True,2025-02-19 17:29:22.962413
s0812,t0139,4.5,False,2025-02-28 17:29:22.976055
s0553,t0128,4.2,False,2025-03-04 17:29:22.985614
s0109,t0021,3.7,True,2025-08-01 17:29:23.001239
s0186,t0015,4.2,False,2024-12-01 17:29:23.016863
s0499,t0179,2.8,True,2025-04-02 17:29:23.032490
s0723,t0189,3.7,True,2024-11-21 17:29:23.054334
s0499,t0017,3.5,True,2025-07-15 17:29:23.069967
s0244,t0047,3.1,False,2025-07-26 17:29:23.085592
s0263,t0195,4.4,True,2025-08-23 17:29:23.101213
s0778,t0164,3.1,True,2024-11-25 17:29:23.116839
s0207,t0128,4.4,False,2025-08-21 17:29:23.148086
s0157,t0122,3.1,True,2025-05-05 17:29:23.163713
s0522,t0062,3.2,True,2025-03-10 17:29:23.179336
s0166,t0177,3.1,True,2025-03-07 17:29:23.194967
s0877,t0081,3.4,False,2025-05-25 17:29:23.210588
s0593,t0052,3.9,True,2025-03-09 17:29:23.226217
s0103,t0182,3.1,True,2024-10-22 17:29:23.241839
s0791,t0017,3.6,False,2025-08-03 17:29:23.257463
s0078,t0008,3.1,True,2025-06-17 17:29:23.273089
s0127,t0142,3.8,True,2025-07-26 17:29:23.288718
s0940,t0026,4.5,True,2025-08-27 17:29:23.304343
s0867,t0189,4.0,True,2025-08-09 17:29:23.319969
s0510,t0097,3.4,True,2025-05-20 17:29:23.335590
s0951,t0150,3.3,True,2024-11-20 17:29:23.351214
s0709,t0093,3.7,True,2024-10-16 17:29:23.366843
s0272,t0145,3.9,True,2024-09-15 17:29:23.382465
s0526,t0118,4.4,True,2025-03-06 17:29:23.398091
s0839,t0037,4.2,False,2025-05-12 17:29:23.413713
s0426,t0156,3.4,True,2025-05-07 17:29:23.444961
s0671,t0148,4.4,True,2025-03-30 17:29:23.460588
s0934,t0088,3.9,False,2025-05-29 17:29:23.476215
s0350,t0153,3.6,False,2025-02-25 17:29:23.491840
s0756,t0074,4.1,False,2025-06-18 17:29:23.507466
s0470,t0155,4.8,True,2024-09-25 17:29:23.523088
s0371,t0097,4.0,False,2025-04-10 17:29:23.538718
s0005,t0037,3.8,True,2025-05-15 17:29:23.554342
s0675,t0075,3.8,True,2025-07-01 17:29:23.570848
s0208,t0044,3.1,True,2024-09-13 17:29:23.586480
s0004,t0106,3.5,False,2025-01-13 17:29:23.602103
s0476,t0062,3.7,True,2025-03-30 17:29:23.617732
s0865,t0093,3.8,True,2024-12-30 17:29:23.633352
s0118,t0172,3.4,False,2025-09-05 17:29:23.664600
s0635,t0172,3.5,True,2025-03-23 17:29:23.680228
s0416,t0072,3.8,True,2025-02-13 17:29:23.695851
s0931,t0036,4.1,True,2025-07-28 17:29:23.711476
s0700,t0029,3.9,True,2025-08-09 17:29:23.727100
s0826,t0130,3.7,True,2025-07-28 17:29:23.742725
s0854,t0158,3.0,True,2025-03-10 17:29:23.758353
s0210,t0048,3.7,True,2025-04-11 17:29:23.773981
s0838,t0018,3.3,True,2024-12-07 17:29:23.789602
s0803,t0095,3.9,True,2025-07-03 17:29:23.805234
s0116,t0142,3.9,True,2025-03-04 17:29:23.820855
s0331,t0076,3.5,True,2025-07-12 17:29:23.836481
s0149,t0105,3.9,True,2025-06-01 17:29:23.852104
s0796,t0127,3.3,True,2025-07-06 17:29:23.883365
s0278,t0194,3.9,False,2024-10-01 17:29:23.898997
s0298,t0007,3.2,True,2025-02-07 17:29:23.914615
s0415,t0051,4.2,True,2025-07-03 17:29:23.948471
s0132,t0176,4.7,True,2025-07-10 17:29:23.965210
s0661,t0191,3.8,True,2025-06-04 17:29:23.968746
s0053,t0070,2.9,False,2025-07-12 17:29:24.000002
s0785,t0075,4.2,True,2025-01-01 17:29:24.015629
s0047,t0092,3.3,True,2025-02-14 17:29:24.031244
s0967,t0190,5.0,True,2025-07-17 17:29:24.046876
s0699,t0092,3.2,True,2024-12-10 17:29:24.062501
s0758,t0024,3.0,False,2025-05-12 17:29:24.078127
s0319,t0138,4.0,False,2025-06-21 17:29:24.093747
s0273,t0003,4.6,True,2025-04-26 17:29:24.119669
s0924,t0183,3.0,True,2024-10-21 17:29:24.135292
s0732,t0054,3.2,True,2024-10-05 17:29:24.150924
s0240,t0050,3.7,False,2025-01-10 17:29:24.166542
s0970,t0050,4.0,True,2024-11-29 17:29:24.182167
s0742,t0020,4.3,True,2024-11-29 17:29:24.197791
s0023,t0138,3.3,True,2025-03-04 17:29:24.213417
s0028,t0147,4.3,True,2025-06-28 17:29:24.229042
s0014,t0121,3.7,True,2025-07-03 17:29:24.244668
s0218,t0057,4.9,False,2025-02-02 17:29:24.260293
s0080,t0136,3.6,True,2025-08-07 17:29:24.275921
s0274,t0020,4.1,True,2025-01-16 17:29:24.291546
s0862,t0118,4.1,True,2024-09-25 17:29:24.307166
s0854,t0158,3.7,True,2025-04-06 17:29:24.322793
s0184,t0149,3.7,True,2025-08-31 17:29:24.338424
s0439,t0053,3.6,False,2025-06-29 17:29:24.354049
s0224,t0093,3.6,True,2024-12-27 17:29:24.369672
s0298,t0189,4.2,False,2024-10-12 17:29:24.400919
s0948,t0099,4.5,True,2025-02-07 17:29:24.416542
s0008,t0051,4.5,True,2024-12-20 17:29:24.432166
s0563,t0105,4.2,True,2025-09-06 17:29:24.447793
s0627,t0043,4.1,True,2025-02-19 17:29:24.463420
s0516,t0157,4.6,True,2024-10-03 17:29:24.479044
s0576,t0141,3.7,True,2025-09-01 17:29:24.510290
s0543,t0048,3.4,True,2025-05-25 17:29:24.525916
s0829,t0017,3.6,True,2025-06-22 17:29:24.541544
s0354,t0007,3.4,True,2024-11-11 17:29:24.557171
s0415,t0112,3.6,True,2025-05-30 17:29:24.572795
s0899,t0028,3.3,True,2024-12-28 17:29:24.588419
s0058,t0051,4.0,False,2025-09-07 17:29:24.604052
s0619,t0166,3.3,True,2025-01-06 17:29:24.619668
s0227,t0115,4.4,False,2025-06-24 17:29:24.637248
s0742,t0072,3.0,True,2025-01-30 17:29:24.652882
s0298,t0177,3.6,False,2025-05-31 17:29:24.668505
s0611,t0124,3.5,True,2025-02-12 17:29:24.684134
s0454,t0147,3.4,True,2025-03-27 17:29:24.715383
s0690,t0191,3.7,False,2025-02-13 17:29:24.731002
s0342,t0158,3.1,True,2024-10-28 17:29:24.746627
s0838,t0194,3.5,True,2025-04-10 17:29:24.762253
s0078,t0109,4.1,True,2025-06-20 17:29:24.777878
s0581,t0037,3.8,False,2025-03-13 17:29:24.793502
s0713,t0112,3.6,False,2025-07-26 17:29:24.824750
s0589,t0091,3.0,True,2025-05-24 17:29:24.840376
s0275,t0144,4.6,True,2025-09-04 17:29:24.856002
s0853,t0136,3.5,True,2025-02-05 17:29:24.871633
s0955,t0151,3.8,False,2025-03-26 17:29:24.871633
s0317,t0047,3.3,False,2024-09-19 17:29:24.902886
s0058,t0033,4.4,True,2024-09-13 17:29:24.918504
s0148,t0114,3.1,True,2025-08-29 17:29:24.954897
s0868,t0046,3.8,False,2025-01-14 17:29:24.969620
s0006,t0025,4.6,True,2025-05-17 17:29:24.983613
s0854,t0164,2.8,False,2024-11-13 17:29:25.000793
s0405,t0157,3.7,False,2025-07-21 17:29:25.016421
s0832,t0066,4.3,True,2025-06-07 17:29:25.016421
s0450,t0175,3.5,True,2025-08-21 17:29:25.032052
s0347,t0156,3.2,True,2025-02-18 17:29:25.047672
s0982,t0029,4.1,True,2024-10-31 17:29:25.063299
s0402,t0194,3.7,False,2024-10-18 17:29:25.094548
s0117,t0141,3.3,False,2024-12-22 17:29:25.110172
s0562,t0097,3.5,False,2025-08-28 17:29:25.125791
s0578,t0091,3.5,True,2025-01-09 17:29:25.141419
s0204,t0051,4.0,True,2025-02-01 17:29:25.157042
s0952,t0098,4.4,True,2024-10-10 17:29:25.170703
s0159,t0156,3.2,True,2025-02-14 17:29:25.186332
s0500,t0158,3.1,True,2024-12-28 17:29:25.217581
s0053,t0007,3.8,True,2024-12-03 17:29:25.233205
s0449,t0090,3.1,False,2025-07-12 17:29:25.248834
s0786,t0194,3.9,True,2025-01-08 17:29:25.264464
s0336,t0191,4.2,True,2025-06-21 17:29:25.280085
s0533,t0021,4.1,True,2024-10-02 17:29:25.295707
s0442,t0182,3.4,True,2025-04-07 17:29:25.311333
s0594,t0014,4.6,True,2024-11-12 17:29:25.326954
s0125,t0095,4.1,True,2025-06-26 17:29:25.342581
s0044,t0032,3.5,True,2025-02-22 17:29:25.358204
s0220,t0133,3.7,True,2025-02-25 17:29:25.373831
s0766,t0108,3.6,True,2025-08-21 17:29:25.389456
s0425,t0012,3.8,True,2025-02-16 17:29:25.405091
s0650,t0125,3.9,False,2025-01-19 17:29:25.420717
s0897,t0154,3.4,True,2025-08-09 17:29:25.436338
s0043,t0090,4.0,True,2025-01-07 17:29:25.451955
s0963,t0100,3.5,True,2024-11-13 17:29:25.467580
s0760,t0066,4.0,True,2025-07-14 17:29:25.483207
s0275,t0142,3.5,True,2025-02-04 17:29:25.498833
s0877,t0132,3.2,False,2025-01-02 17:29:25.514460
s0654,t0066,3.6,True,2025-02-27 17:29:25.530080
s0270,t0008,3.8,True,2024-11-15 17:29:25.561330
s0113,t0103,2.9,True,2025-09-03 17:29:25.576955
s0667,t0161,4.1,True,2024-10-16 17:29:25.592578
s0024,t0141,3.9,False,2024-11-27 17:29:25.608204
s0012,t0164,2.7,True,2025-03-13 17:29:25.623830
s0278,t0189,3.7,False,2025-05-28 17:29:25.639455
s0328,t0194,3.5,True,2025-05-25 17:29:25.655085
s0551,t0039,3.6,True,2025-08-06 17:29:25.670710
s0399,t0008,3.8,True,2025-04-25 17:29:25.686336
s0891,t0090,3.7,False,2025-01-14 17:29:25.703936
s0710,t0065,3.1,True,2024-09-19 17:29:25.719573
s0212,t0051,4.0,False,2025-03-05 17:29:25.735191
s0333,t0018,3.6,True,2024-10-07 17:29:25.750819
s0058,t0138,4.2,True,2024-12-13 17:29:25.766439
s0151,t0044,3.7,True,2025-02-09 17:29:25.782066
s0288,t0048,4.4,True,2025-08-08 17:29:25.797696
s0296,t0051,4.8,False,2025-05-25 17:29:25.813315
s0656,t0091,3.7,True,2025-07-08 17:29:25.828941
s0079,t0051,3.7,False,2025-04-01 17:29:25.844571
s0832,t0017,4.0,True,2024-12-05 17:29:25.860194
s0407,t0060,4.1,True,2025-03-11 17:29:25.875815
s0010,t0021,3.8,False,2025-03-09 17:29:25.907081
s0378,t0025,3.7,False,2024-11-25 17:29:25.938327
s0577,t0158,3.5,True,2025-08-19 17:29:25.953951
s0162,t0018,3.6,True,2025-05-11 17:29:25.991763
s0901,t0099,3.5,True,2025-01-30 17:29:26.008674
s0502,t0065,3.1,True,2025-06-14 17:29:26.018304
s0390,t0051,4.9,True,2025-09-07 17:29:26.033933
s0167,t0197,4.0,False,2024-09-14 17:29:26.049554
s0554,t0145,3.8,True,2025-08-28 17:29:26.065178
s0709,t0021,4.0,False,2024-11-07 17:29:26.080806
s0228,t0072,3.7,True,2024-10-03 17:29:26.096430
s0606,t0056,3.7,True,2025-02-24 17:29:26.112054
s0569,t0076,3.1,True,2025-08-01 17:29:26.127684
s0802,t0059,3.8,False,2024-10-10 17:29:26.143305
s0789,t0087,3.6,False,2025-02-09 17:29:26.158932
s0296,t0093,3.6,True,2025-06-27 17:29:26.174554
s0179,t0090,4.0,True,2024-09-26 17:29:26.190181
s0138,t0092,3.8,True,2025-07-28 17:29:26.220109
s0956,t0109,3.8,True,2025-05-02 17:29:26.235741
s0301,t0101,2.7,True,2025-08-01 17:29:26.251366
s0462,t0110,3.5,True,2025-07-18 17:29:26.266983
s0892,t0187,3.5,True,2024-10-28 17:29:26.282615
s0571,t0139,4.0,False,2025-02-20 17:29:26.298234
s0654,t0144,3.8,True,2025-01-22 17:29:26.313858
s0002,t0161,3.6,True,2025-02-14 17:29:26.329483
s0126,t0029,3.8,False,2025-08-10 17:29:26.345108
s0442,t0182,3.5,True,2025-03-12 17:29:26.360738
s0571,t0179,3.1,True,2025-01-21 17:29:26.391985
s0655,t0032,4.1,True,2024-12-03 17:29:26.391985
s0419,t0103,3.7,True,2025-01-11 17:29:26.423238
s0355,t0181,4.2,True,2025-05-13 17:29:26.438859
s0631,t0178,3.6,False,2025-03-06 17:29:26.454493
s0493,t0083,3.3,True,2025-04-12 17:29:26.470115
s0385,t0025,4.4,True,2024-11-02 17:29:26.485738
s0476,t0122,3.3,True,2025-05-06 17:29:26.501382
s0118,t0025,4.1,True,2025-07-11 17:29:26.516990
s0536,t0141,3.8,False,2025-07-24 17:29:26.532612
s0238,t0075,3.9,True,2025-04-29 17:29:26.563859
s0031,t0016,3.4,True,2024-11-08 17:29:26.579484
s0959,t0017,4.2,True,2025-04-25 17:29:26.595113
s0207,t0140,4.0,True,2024-10-29 17:29:26.610736
s0734,t0075,4.4,True,2024-12-27 17:29:26.626361
s1000,t0051,3.9,True,2024-10-31 17:29:26.641988
s0612,t0092,3.8,True,2025-08-23 17:29:26.657610
s0663,t0095,3.6,True,2025-08-14 17:29:26.673239
s0787,t0035,4.8,False,2025-08-09 17:29:26.688861
s0878,t0015,4.7,True,2025-07-11 17:29:26.704504
s0761,t0106,3.2,True,2024-09-29 17:29:26.720119
s0084,t0181,3.9,True,2024-11-16 17:29:26.735740
s0472,t0133,4.4,True,2024-11-25 17:29:26.753435
s0116,t0056,3.3,True,2025-05-25 17:29:26.769066
s0231,t0073,3.2,False,2024-12-10 17:29:26.784690
s0466,t0166,4.0,True,2025-02-22 17:29:26.800314
s0520,t0138,3.6,True,2025-05-26 17:29:26.815938
s0434,t0051,4.1,True,2025-03-23 17:29:26.831563
s0672,t0165,4.0,True,2025-09-10 17:29:26.847187
s0648,t0050,3.4,True,2025-04-09 17:29:26.862813
s0042,t0020,4.0,True,2024-12-12 17:29:26.878444
s0097,t0089,2.8,True,2024-10-02 17:29:26.894063
s0191,t0105,4.2,False,2025-01-29 17:29:26.909690
s0140,t0081,4.1,True,2025-06-22 17:29:26.940940
s0722,t0005,4.1,True,2024-12-21 17:29:26.972205
s0018,t0125,3.9,True,2024-11-25 17:29:26.990720
s0736,t0099,5.0,True,2025-01-02 17:29:27.004482
s0240,t0132,3.4,True,2025-03-22 17:29:27.018029
s0012,t0054,3.1,True,2025-07-25 17:29:27.033654
s0975,t0081,3.2,False,2024-10-23 17:29:27.049278
s0613,t0068,3.6,True,2024-10-04 17:29:27.064907
s0442,t0182,3.7,True,2025-01-27 17:29:27.080529
s0236,t0073,3.1,True,2024-11-29 17:29:27.096154
s0236,t0039,4.6,True,2024-11-01 17:29:27.111788
s0817,t0052,3.4,False,2024-11-25 17:29:27.127404
s0459,t0192,3.0,True,2025-01-13 17:29:27.143028
s0588,t0056,4.2,True,2024-10-12 17:29:27.158655
s0456,t0020,4.3,True,2024-10-12 17:29:27.189905
s0516,t0197,3.6,True,2025-04-21 17:29:27.205528
s0401,t0028,3.2,True,2024-12-08 17:29:27.205528
s0350,t0084,4.4,False,2025-01-03 17:29:27.221173
s0031,t0145,4.5,True,2025-01-21 17:29:27.236795
s0940,t0126,3.3,True,2025-08-17 17:29:27.268031
s0667,t0173,4.3,True,2025-08-09 17:29:27.286801
s0193,t0191,3.9,False,2024-09-17 17:29:27.302434
s0736,t0099,4.2,True,2025-01-15 17:29:27.318056
s0233,t0020,4.3,False,2025-02-02 17:29:27.333683
s0765,t0189,3.4,True,2025-05-29 17:29:27.349308
s0071,t0181,3.6,True,2025-06-01 17:29:27.364930
s0954,t0042,3.2,True,2024-10-03 17:29:27.380553
s0932,t0050,4.0,True,2025-06-03 17:29:27.396185
s0828,t0131,3.9,False,2025-07-30 17:29:27.411803
s0593,t0185,3.1,True,2025-06-23 17:29:27.443053
s0654,t0056,3.7,True,2024-11-05 17:29:27.458683
s0003,t0114,3.3,False,2024-10-28 17:29:27.474308
s0943,t0189,4.1,True,2025-03-02 17:29:27.505555
s0973,t0106,3.0,True,2024-10-05 17:29:27.521186
s0694,t0074,3.1,True,2025-01-31 17:29:27.536807
s0829,t0113,4.2,True,2025-07-01 17:29:27.552437
s0397,t0137,4.7,True,2024-09-14 17:29:27.568056
s0962,t0184,3.3,False,2025-02-14 17:29:27.583681
s0531,t0124,3.0,True,2025-08-18 17:29:27.599306
s0075,t0103,3.3,False,2024-11-03 17:29:27.614930
s0979,t0105,4.3,False,2024-12-12 17:29:27.630560
s0037,t0097,3.6,True,2025-01-06 17:29:27.646180
s0171,t0180,3.5,True,2025-06-27 17:29:27.661811
s0235,t0198,4.1,True,2025-08-19 17:29:27.677430
s0599,t0093,4.0,False,2025-06-17 17:29:27.693058
s0509,t0149,3.8,True,2024-10-11 17:29:27.708678
s0830,t0112,3.8,False,2025-09-01 17:29:27.724308
s0636,t0030,3.1,False,2024-12-31 17:29:27.739929
s0335,t0127,3.9,False,2025-02-19 17:29:27.755554
s0460,t0133,3.7,True,2025-04-06 17:29:27.786826
s0866,t0106,3.7,False,2024-09-20 17:29:27.802431
s0605,t0051,4.4,True,2025-07-27 17:29:27.820788
s0093,t0170,3.4,True,2025-05-07 17:29:27.836425
s0261,t0186,3.8,False,2025-05-07 17:29:27.852046
s0875,t0140,4.5,True,2025-05-03 17:29:27.867664
s0626,t0101,3.2,True,2025-05-17 17:29:27.883291
s0865,t0044,2.6,True,2025-07-23 17:29:27.898914
s0999,t0034,2.9,True,2025-07-05 17:29:27.914538
s0930,t0029,3.5,False,2025-03-29 17:29:27.930164
s0718,t0053,3.9,True,2025-03-16 17:29:27.961422
s0969,t0051,3.9,True,2025-06-19 17:29:27.977049
s0478,t0093,4.0,True,2024-09-21 17:29:28.007152
s0161,t0060,3.4,True,2024-11-14 17:29:28.021883
s0437,t0073,3.6,False,2025-05-04 17:29:28.038291
s0160,t0195,3.9,True,2025-08-10 17:29:28.053892
s0744,t0109,3.9,True,2025-07-17 17:29:28.069518
s0102,t0074,3.6,True,2025-06-20 17:29:28.069518
s0672,t0037,4.2,False,2025-04-02 17:29:28.085147
s0887,t0167,3.6,True,2025-06-06 17:29:28.116393
s0047,t0033,3.8,True,2025-08-24 17:29:28.116393
s0902,t0148,4.0,True,2025-04-18 17:29:28.132021
s0308,t0033,3.8,True,2024-10-09 17:29:28.147643
s0808,t0021,3.5,True,2025-02-17 17:29:28.163271
s0801,t0087,3.7,True,2024-12-03 17:29:28.178893
s0447,t0033,3.6,False,2025-08-04 17:29:28.194517
s0404,t0184,3.5,False,2025-05-29 17:29:28.225767
s0049,t0183,3.7,True,2025-05-14 17:29:28.241391
s0649,t0137,4.1,True,2025-09-08 17:29:28.257016
s0855,t0054,3.5,True,2025-03-26 17:29:28.272640
s0686,t0109,4.0,True,2024-10-05 17:29:28.288268
s0425,t0069,3.6,True,2025-07-28 17:29:28.303901
s0010,t0133,4.5,True,2025-08-11 17:29:28.319528
s0231,t0093,4.0,False,2025-08-11 17:29:28.335147
s0966,t0057,4.6,False,2025-04-04 17:29:28.352955
s0600,t0051,4.1,True,2025-05-04 17:29:28.368592
s0268,t0070,3.8,True,2025-06-16 17:29:28.384209
s0157,t0018,3.9,False,2024-09-24 17:29:28.399835
s0267,t0015,4.6,False,2025-07-06 17:29:28.415460
s0603,t0090,4.0,True,2024-12-19 17:29:28.431086
s0818,t0145,4.4,True,2025-07-06 17:29:28.446713
s0124,t0141,3.8,True,2024-10-10 17:29:28.462334
s0973,t0026,4.9,True,2025-03-18 17:29:28.477960
s0635,t0162,4.6,True,2025-05-26 17:29:28.493584
s0189,t0075,3.6,False,2025-02-23 17:29:28.524831
s0327,t0113,4.4,True,2025-07-11 17:29:28.524831
s0811,t0125,3.3,False,2024-09-26 17:29:28.540465
s0974,t0026,4.0,True,2025-07-28 17:29:28.571715
s0977,t0018,3.3,True,2025-03-17 17:29:28.587341
s0379,t0181,4.4,False,2025-06-26 17:29:28.602961
s0358,t0180,4.0,True,2025-09-09 17:29:28.618586
s0037,t0165,4.3,False,2024-12-23 17:29:28.634227
s0166,t0076,3.5,False,2024-11-26 17:29:28.649835
s0674,t0095,4.2,True,2025-01-25 17:29:28.665458
s0675,t0062,4.0,True,2025-05-08 17:29:28.681086
s0054,t0073,3.4,True,2025-03-14 17:29:28.696710
s0481,t0024,4.0,False,2025-05-08 17:29:28.712334
s0776,t0083,3.3,True,2024-12-31 17:29:28.727960
s0852,t0091,3.8,True,2024-10-03 17:29:28.759209
s0030,t0033,3.7,False,2025-01-28 17:29:28.774831
s0469,t0086,4.7,True,2025-01-06 17:29:28.790457
s0018,t0200,3.1,True,2025-02-05 17:29:28.806084
s0918,t0040,3.9,True,2025-05-01 17:29:28.821707
s0856,t0194,4.1,False,2025-08-03 17:29:28.837335
s0779,t0048,3.9,True,2025-05-11 17:29:28.852963
s0954,t0132,3.7,True,2025-01-03 17:29:28.868591
s0057,t0007,3.6,True,2025-02-26 17:29:28.886598
s0790,t0054,2.9,True,2025-05-01 17:29:28.902229
s0920,t0095,3.5,True,2024-09-30 17:29:28.917851
s0433,t0125,4.0,True,2024-10-24 17:29:28.949098
s0763,t0155,4.3,True,2025-04-21 17:29:28.964742
s0913,t0181,3.8,True,2025-07-07 17:29:28.995991
s0106,t0113,4.0,True,2025-03-31 17:29:29.023057
s0324,t0050,4.1,True,2025-05-08 17:29:29.038353
s0144,t0134,3.3,True,2025-03-25 17:29:29.050878
s0561,t0171,3.9,False,2025-06-23 17:29:29.066502
s0507,t0075,3.9,True,2024-12-29 17:29:29.082130
s0548,t0084,5.0,False,2024-09-21 17:29:29.097755
s0042,t0181,3.8,True,2024-11-13 17:29:29.113380
s0763,t0164,3.5,True,2025-01-26 17:29:29.129004
s0393,t0120,3.6,True,2025-01-06 17:29:29.144629
s0932,t0102,4.0,False,2025-04-09 17:29:29.160254
s0548,t0043,4.1,True,2024-12-19 17:29:29.175878
s0491,t0129,3.8,True,2025-06-10 17:29:29.191504
s0624,t0008,3.7,False,2025-05-26 17:29:29.207130
s0231,t0029,4.2,True,2024-10-30 17:29:29.222752
s0199,t0013,4.0,True,2025-07-01 17:29:29.238381
s0671,t0137,4.5,False,2025-07-07 17:29:29.254010
s0057,t0175,3.1,False,2025-01-13 17:29:29.269634
s0218,t0112,3.6,True,2025-07-26 17:29:29.285256
s0413,t0149,3.5,False,2024-12-14 17:29:29.300881
s0956,t0110,3.7,True,2025-05-21 17:29:29.316512
s0639,t0088,3.6,True,2024-10-11 17:29:29.332130
s0566,t0003,4.5,True,2024-12-20 17:29:29.347759
s0690,t0191,4.0,False,2024-10-15 17:29:29.363379
s0795,t0093,3.5,False,2025-08-16 17:29:29.379004
s0847,t0200,2.8,False,2025-05-11 17:29:29.394634
s0287,t0069,3.7,True,2025-07-22 17:29:29.419695
s0722,t0036,3.9,True,2025-04-02 17:29:29.435325
s0024,t0050,3.9,True,2025-07-05 17:29:29.450949
s0077,t0037,3.7,True,2024-09-27 17:29:29.466575
s0848,t0186,4.3,True,2025-08-10 17:29:29.482198
s0350,t0171,4.0,False,2025-08-20 17:29:29.497822
s0348,t0120,3.6,True,2025-04-01 17:29:29.513451
s0968,t0067,3.6,True,2025-02-05 17:29:29.529073
s0148,t0164,3.0,True,2025-03-03 17:29:29.544699
s0099,t0128,4.3,True,2024-09-22 17:29:29.575947
s0216,t0139,3.9,True,2025-01-20 17:29:29.591571
s0081,t0140,4.1,True,2024-09-23 17:29:29.607197
s0676,t0105,4.3,True,2025-08-25 17:29:29.622823
s0262,t0087,4.5,True,2025-06-17 17:29:29.638452
s0540,t0074,3.2,True,2025-08-24 17:29:29.654075
s0700,t0073,3.1,False,2025-06-02 17:29:29.669702
s0747,t0163,3.5,True,2025-04-06 17:29:29.685326
s0029,t0025,4.1,True,2025-04-04 17:29:29.685326
s0725,t0093,3.7,True,2025-08-06 17:29:29.700947
s0180,t0155,3.7,False,2024-12-25 17:29:29.716577
s0945,t0048,3.6,False,2025-05-25 17:29:29.732205
s0203,t0055,4.0,True,2025-04-18 17:29:29.763451
s0066,t0173,4.6,True,2024-12-02 17:29:29.779072
s0200,t0050,3.0,False,2025-03-18 17:29:29.794694
s0255,t0044,3.2,False,2024-12-15 17:29:29.810323
s0080,t0003,3.7,True,2024-12-23 17:29:29.825946
s0188,t0127,3.8,True,2025-07-09 17:29:29.841571
s0369,t0109,3.6,True,2025-03-01 17:29:29.857201
s0710,t0029,4.0,True,2025-05-15 17:29:29.872821
s0353,t0132,3.6,True,2025-08-09 17:29:29.888446
s0232,t0097,3.6,False,2024-10-18 17:29:29.904078
s0077,t0166,2.7,True,2025-09-13 17:29:29.919715
s0613,t0189,4.2,False,2025-04-29 17:29:29.936170
s0835,t0034,3.7,True,2025-02-20 17:29:29.951800
s0186,t0097,4.3,True,2025-03-07 17:29:29.983065
s0365,t0115,4.0,True,2025-05-28 17:29:29.998687
s0277,t0047,3.5,False,2025-02-12 17:29:30.029928
s0334,t0081,3.6,False,2024-10-02 17:29:30.048010
s0125,t0187,4.2,True,2025-06-03 17:29:30.061766
s0446,t0018,3.8,True,2024-12-26 17:29:30.067321
s0687,t0030,4.3,False,2025-02-14 17:29:30.082946
s0475,t0036,4.5,True,2025-06-03 17:29:30.098571
s0692,t0055,4.4,True,2025-06-13 17:29:30.114196
s0143,t0150,4.0,True,2025-06-11 17:29:30.129820
s0601,t0035,5.0,False,2025-06-08 17:29:30.145444
s0468,t0079,3.4,False,2025-04-01 17:29:30.161073
s0516,t0102,4.2,True,2024-10-05 17:29:30.176696
s0679,t0029,4.4,True,2025-04-26 17:29:30.192321
s0717,t0028,3.0,True,2025-04-15 17:29:30.223570
s0629,t0143,4.8,False,2025-05-15 17:29:30.223570
s0724,t0042,3.5,True,2025-04-02 17:29:30.239196
s0421,t0003,4.1,True,2025-07-08 17:29:30.254821
s0702,t0029,3.9,False,2025-02-27 17:29:30.286070
s0698,t0094,3.9,True,2025-02-25 17:29:30.301700
s0815,t0178,2.8,True,2025-03-14 17:29:30.317321
s0122,t0151,4.3,True,2024-09-21 17:29:30.332947
s0586,t0120,3.9,True,2025-04-03 17:29:30.348570
s0654,t0059,3.9,False,2025-02-24 17:29:30.364200
s0161,t0199,3.8,True,2025-08-09 17:29:30.379822
s0285,t0106,3.4,True,2025-01-24 17:29:30.395446
s0692,t0037,4.7,True,2025-03-08 17:29:30.411070
s0977,t0070,3.4,True,2024-12-22 17:29:30.426694
s0833,t0155,4.7,True,2025-06-15 17:29:30.457946
s0392,t0126,3.0,True,2025-07-08 17:29:30.469374
s0506,t0092,3.4,True,2025-01-11 17:29:30.500625
s0723,t0091,3.7,True,2024-09-17 17:29:30.516252
s0766,t0095,3.8,True,2024-12-23 17:29:30.531878
s0789,t0087,3.4,True,2025-03-16 17:29:30.547502
s0679,t0106,3.2,True,2024-11-16 17:29:30.563127
s0959,t0147,3.5,True,2025-04-08 17:29:30.578751
s0515,t0129,3.1,False,2025-08-21 17:29:30.594377
s0697,t0048,3.3,True,2025-07-04 17:29:30.610002
s0777,t0051,4.4,False,2024-12-14 17:29:30.625630
s0826,t0004,3.0,True,2025-04-26 17:29:30.656875
s0156,t0060,3.6,True,2025-07-21 17:29:30.672501
s0503,t0085,4.1,True,2025-08-27 17:29:30.688126
s0146,t0158,3.9,True,2025-02-15 17:29:30.703757
s0761,t0113,3.6,True,2025-03-14 17:29:30.719376
s0921,t0103,3.4,False,2025-02-17 17:29:30.735012
s0016,t0078,3.8,True,2025-01-16 17:29:30.735012
s0606,t0060,4.1,False,2024-11-19 17:29:30.766252
s0479,t0129,3.8,True,2024-11-08 17:29:30.781881
s0066,t0054,3.6,True,2025-07-06 17:29:30.797509
s0578,t0073,2.7,True,2025-03-27 17:29:30.813130
s0380,t0149,3.8,True,2025-03-06 17:29:30.828749
s0723,t0036,3.3,True,2024-11-24 17:29:30.844380
s0528,t0128,4.1,True,2024-09-30 17:29:30.859999
s0393,t0047,3.0,True,2024-09-25 17:29:30.875633
s0849,t0040,3.2,True,2024-09-18 17:29:30.891258
s0015,t0150,3.1,True,2024-11-02 17:29:30.922501
s0918,t0188,4.2,False,2025-09-04 17:29:30.938125
s0355,t0139,4.3,True,2025-02-12 17:29:30.953758
s0216,t0113,4.2,True,2025-07-31 17:29:30.969384
s0214,t0073,3.5,True,2025-06-19 17:29:30.985004
s0431,t0155,3.9,False,2024-10-19 17:29:31.004157
s0788,t0081,3.4,True,2025-09-01 17:29:31.035423
s0705,t0025,4.8,True,2025-02-16 17:29:31.051038
s0459,t0043,3.2,True,2025-06-29 17:29:31.078134
s0852,t0032,3.3,True,2025-07-03 17:29:31.094974
s0125,t0138,3.8,True,2025-01-14 17:29:31.100394
s0544,t0030,3.8,True,2025-05-28 17:29:31.116022
s0285,t0069,4.0,True,2025-01-28 17:29:31.131645
s0764,t0121,3.9,True,2025-01-07 17:29:31.147271
s0516,t0188,4.8,False,2025-03-23 17:29:31.162898
s0312,t0036,3.5,False,2025-06-27 17:29:31.178522
s0927,t0195,4.2,True,2024-11-22 17:29:31.194147
s0831,t0051,4.2,True,2025-07-30 17:29:31.209771
s0210,t0051,4.0,True,2025-01-28 17:29:31.225396
s0299,t0100,3.3,True,2025-09-12 17:29:31.241023
s0482,t0115,4.1,True,2025-03-31 17:29:31.256646
s0657,t0073,3.0,True,2025-06-20 17:29:31.272271
s0479,t0060,4.0,False,2025-02-02 17:29:31.287903
s0623,t0059,3.9,True,2025-02-16 17:29:31.303527
s0303,t0194,4.4,False,2025-03-31 17:29:31.319159
s0427,t0048,3.6,True,2025-01-08 17:29:31.334781
s0320,t0074,3.5,False,2025-05-10 17:29:31.350398
s0848,t0008,3.5,False,2025-03-20 17:29:31.366028
s0503,t0186,3.9,False,2025-03-16 17:29:31.381651
s0780,t0184,3.2,False,2025-07-12 17:29:31.397277
s0374,t0034,3.2,False,2024-12-17 17:29:31.412896
s0385,t0025,4.3,True,2025-05-17 17:29:31.428524
s0682,t0056,3.8,True,2025-04-05 17:29:31.444151
s0782,t0164,3.7,True,2025-03-10 17:29:31.459775
s0303,t0028,3.2,True,2025-02-12 17:29:31.491022
s0311,t0178,2.9,True,2024-10-18 17:29:31.506646
s0199,t0097,3.9,True,2025-02-23 17:29:31.519642
s0026,t0135,4.3,True,2025-03-02 17:29:31.535274
s0988,t0050,3.1,True,2024-09-19 17:29:31.550896
s0200,t0182,3.3,True,2025-06-29 17:29:31.566519
s0524,t0188,4.4,True,2025-08-07 17:29:31.582149
s0341,t0184,3.4,True,2025-01-05 17:29:31.597772
s0332,t0020,4.6,False,2025-06-28 17:29:31.613395
s0402,t0132,3.3,True,2024-10-14 17:29:31.629024
s0650,t0150,3.3,True,2024-10-14 17:29:31.644643
s0990,t0042,3.5,True,2024-10-29 17:29:31.660271
s0435,t0073,3.1,True,2025-08-19 17:29:31.675893
s0655,t0141,4.1,True,2025-01-16 17:29:31.707148
s0626,t0158,3.9,True,2025-01-14 17:29:31.722770
s0896,t0115,4.4,True,2025-05-20 17:29:31.738395
s0480,t0189,3.8,True,2025-04-28 17:29:31.754019
s0043,t0156,3.4,True,2025-08-29 17:29:31.769650
s0407,t0115,4.5,True,2025-02-20 17:29:31.785275
s0862,t0074,3.6,False,2025-04-14 17:29:31.800897
s0883,t0069,3.5,False,2025-08-03 17:29:31.816520
s0164,t0054,3.2,True,2024-09-24 17:29:31.832150
s0765,t0002,3.3,False,2025-03-22 17:29:31.847773
s0571,t0181,3.5,True,2025-01-03 17:29:31.863393
s0818,t0187,3.4,True,2025-03-21 17:29:31.879023
s0134,t0047,3.2,True,2025-09-03 17:29:31.894645
s0932,t0157,4.6,False,2025-08-26 17:29:31.910270
s0438,t0141,3.2,True,2025-08-17 17:29:31.941524
s0714,t0042,3.5,True,2024-12-15 17:29:31.957142
s0029,t0151,4.5,True,2025-07-12 17:29:31.988391
s0062,t0015,4.1,False,2025-04-02 17:29:32.004041
s0639,t0087,3.3,True,2025-02-28 17:29:32.035276
s0152,t0097,3.4,True,2025-05-31 17:29:32.052495
s0258,t0145,4.1,True,2025-03-08 17:29:32.091557
s0647,t0186,4.0,True,2024-10-02 17:29:32.108245
s0335,t0155,4.5,True,2025-06-21 17:29:32.116821
s0012,t0182,3.8,True,2024-11-05 17:29:32.132447
s0333,t0007,4.0,True,2025-04-22 17:29:32.148073
s0405,t0096,3.6,False,2025-08-07 17:29:32.163697
s0659,t0118,3.5,True,2025-06-05 17:29:32.179322
s0999,t0067,2.7,True,2024-09-27 17:29:32.194945
s0831,t0080,4.4,False,2025-07-25 17:29:32.210570
s0122,t0122,3.9,False,2025-03-13 17:29:32.226197
s0732,t0118,3.4,True,2025-07-31 17:29:32.241821
s0570,t0121,3.3,True,2024-12-29 17:29:32.257456
s0389,t0120,4.2,False,2025-08-30 17:29:32.273073
s0628,t0159,3.5,True,2024-12-24 17:29:32.288699
s0123,t0109,3.7,True,2024-10-09 17:29:32.304321
s0835,t0142,4.2,False,2025-08-10 17:29:32.319953
s0989,t0166,3.5,True,2024-10-17 17:29:32.335574
s0885,t0118,3.8,False,2024-10-31 17:29:32.351207
s0898,t0081,4.0,True,2025-09-13 17:29:32.382446
s0113,t0130,4.2,True,2025-05-04 17:29:32.398072
s0362,t0129,3.9,False,2024-10-13 17:29:32.413699
s0834,t0185,3.0,False,2024-11-14 17:29:32.429325
s0768,t0093,3.9,True,2024-11-07 17:29:32.444948
s0509,t0073,3.3,True,2024-12-21 17:29:32.460572
s0488,t0015,4.0,True,2025-01-22 17:29:32.476201
s0713,t0167,3.7,False,2025-01-30 17:29:32.491821
s0513,t0186,3.6,True,2025-08-11 17:29:32.507445
s0813,t0036,3.9,True,2025-08-20 17:29:32.523074
s0872,t0194,3.6,True,2025-03-02 17:29:32.554322
s0256,t0142,3.5,True,2024-10-23 17:29:32.554322
s0846,t0139,4.4,True,2025-08-11 17:29:32.569996
s0230,t0146,3.3,False,2025-01-01 17:29:32.601019
s0229,t0110,3.1,False,2024-09-16 17:29:32.601019
s0713,t0148,3.8,True,2024-12-30 17:29:32.632269
s0031,t0128,4.7,True,2025-05-01 17:29:32.647896
s0192,t0021,3.5,True,2025-01-18 17:29:32.663517
s0087,t0005,3.8,True,2025-02-28 17:29:32.679150
s0695,t0069,3.4,True,2024-12-26 17:29:32.694771
s0963,t0029,4.2,True,2025-06-15 17:29:32.710392
s0491,t0060,4.1,False,2024-11-02 17:29:32.726023
s0286,t0014,4.2,True,2025-06-21 17:29:32.741641
s0932,t0185,3.9,False,2025-02-02 17:29:32.757267
s0074,t0065,4.0,True,2025-01-18 17:29:32.772893
s0613,t0068,4.5,True,2025-06-01 17:29:32.804157
s0118,t0157,4.3,False,2025-02-02 17:29:32.819771
s0593,t0126,3.2,True,2025-04-01 17:29:32.835396
s0132,t0173,4.6,True,2025-05-01 17:29:32.866643
s0369,t0029,3.4,False,2024-11-27 17:29:32.882269
s0658,t0180,4.0,True,2025-04-19 17:29:32.913517
s0783,t0056,3.4,True,2025-08-21 17:29:32.929139
s0252,t0161,4.1,False,2024-12-27 17:29:32.960390
s0696,t0063,4.4,True,2025-07-02 17:29:32.976023
s0468,t0008,3.1,False,2025-04-03 17:29:33.007264
s0445,t0089,2.9,True,2024-10-07 17:29:33.038565
s0311,t0132,3.0,True,2024-12-11 17:29:33.085409
s0453,t0005,3.2,True,2025-04-11 17:29:33.126639
s0918,t0021,3.8,False,2024-10-15 17:29:33.149958
s0374,t0186,4.2,True,2024-10-20 17:29:33.181204
s0806,t0125,3.4,True,2025-07-06 17:29:33.212458
s0950,t0067,3.2,False,2024-10-30 17:29:33.243706
s0897,t0101,3.3,True,2025-07-13 17:29:33.274959
s0307,t0018,2.8,False,2025-07-05 17:29:33.306207
s0689,t0059,4.8,False,2024-09-29 17:29:33.337455
s0874,t0193,2.9,True,2025-07-29 17:29:33.353087
s0553,t0010,4.1,False,2024-10-01 17:29:33.368716
s0085,t0166,2.9,True,2024-12-23 17:29:33.384331
s0056,t0125,3.8,True,2025-01-06 17:29:33.399959
s0273,t0007,3.0,True,2025-02-05 17:29:33.431205
s0824,t0092,4.1,True,2024-10-28 17:29:33.446836
s0587,t0109,3.8,False,2025-01-31 17:29:33.478078
s0216,t0160,4.7,True,2025-04-05 17:29:33.493703
s0707,t0104,3.9,True,2025-07-04 17:29:33.524958
s0870,t0055,4.9,False,2025-01-30 17:29:33.540582
s0589,t0164,2.8,True,2025-05-29 17:29:33.571831
s0193,t0104,3.9,True,2025-07-18 17:29:33.587456
s0065,t0025,3.9,True,2024-09-26 17:29:33.618714
s0916,t0149,3.5,True,2025-06-24 17:29:33.634330
s0087,t0025,4.3,True,2024-12-26 17:29:33.651709
s0988,t0198,4.3,True,2024-12-09 17:29:33.682963
s0458,t0147,3.6,False,2025-03-13 17:29:33.714214
s0763,t0132,3.3,True,2025-07-17 17:29:33.745474
s0115,t0046,4.3,True,2025-09-03 17:29:33.776711
s0180,t0191,3.6,True,2025-01-17 17:29:33.792332
s0328,t0129,3.8,True,2025-08-23 17:29:33.807962
s0078,t0163,3.7,False,2025-02-15 17:29:33.823592
s0431,t0127,3.5,True,2025-04-25 17:29:33.839215
s0309,t0115,3.6,True,2024-10-18 17:29:33.870466
s0606,t0130,4.3,True,2025-09-02 17:29:33.886091
s0077,t0112,3.4,True,2025-01-05 17:29:33.901731
s0266,t0036,3.7,True,2025-04-02 17:29:33.917335
s0848,t0029,3.3,True,2025-08-28 17:29:33.948592
s0289,t0044,3.2,False,2024-11-02 17:29:33.979849
s0456,t0060,3.4,True,2025-05-02 17:29:34.011095
s0319,t0097,3.5,True,2025-08-26 17:29:34.026722
s0190,t0172,3.7,True,2024-12-15 17:29:34.042349
s0064,t0170,3.6,True,2025-07-25 17:29:34.073595
s0288,t0039,4.5,True,2025-04-22 17:29:34.104842
s0498,t0120,4.2,True,2025-03-11 17:29:34.123421
s0658,t0077,2.9,True,2025-04-05 17:29:34.141143
s0380,t0055,4.3,True,2025-08-31 17:29:34.149685
s0193,t0164,3.6,True,2025-06-20 17:29:34.165312
s0346,t0064,2.8,False,2024-12-05 17:29:34.184841
s0764,t0124,3.1,True,2024-10-14 17:29:34.200628
s0748,t0004,3.6,True,2025-01-05 17:29:34.216264
s0284,t0025,3.7,False,2025-04-25 17:29:34.231881
s0619,t0161,3.9,True,2024-10-29 17:29:34.247506
s0175,t0007,3.5,True,2024-09-17 17:29:34.263130
s0002,t0138,3.3,True,2024-10-04 17:29:34.294383
s0448,t0100,3.5,True,2025-04-06 17:29:34.310003
s0419,t0095,4.3,False,2025-02-22 17:29:34.325632
s0217,t0154,4.1,True,2025-08-26 17:29:34.356881
s0742,t0125,3.8,False,2024-11-12 17:29:34.403762
s0979,t0180,3.8,True,2025-05-29 17:29:34.419399
s0548,t0093,4.0,True,2025-07-11 17:29:34.435007
s0474,t0030,4.0,True,2025-07-18 17:29:34.450635
s0711,t0021,3.6,True,2025-05-07 17:29:34.481886
s0804,t0017,4.0,False,2025-03-27 17:29:34.513129
s0962,t0102,4.0,False,2025-06-03 17:29:34.528760
s0439,t0090,3.7,False,2024-12-17 17:29:34.560002
s0136,t0029,4.3,True,2025-07-04 17:29:34.591263
s0414,t0015,4.6,True,2025-03-26 17:29:34.606881
s0635,t0025,4.4,True,2025-08-21 17:29:34.622508
s0954,t0033,3.5,True,2025-01-04 17:29:34.653763
s0662,t0084,4.1,False,2025-03-23 17:29:34.669387
s0832,t0071,4.0,True,2025-07-01 17:29:34.701884
s0611,t0182,3.4,True,2025-05-04 17:29:34.717512
s0035,t0032,4.0,True,2025-04-12 17:29:34.748760
s0846,t0025,4.7,True,2025-04-03 17:29:34.764384
s0885,t0139,4.5,True,2025-06-26 17:29:34.780007
s0222,t0127,3.4,True,2025-03-31 17:29:34.811260
s0708,t0092,3.0,True,2025-08-01 17:29:34.826888
s0217,t0099,4.3,True,2025-01-12 17:29:34.858134
s0963,t0051,4.6,False,2024-10-15 17:29:34.873762
s0002,t0021,3.9,True,2025-04-20 17:29:34.889389
s0592,t0114,3.7,False,2024-10-11 17:29:34.905007
s0543,t0051,4.5,True,2024-10-27 17:29:34.936287
s0376,t0100,3.9,False,2025-08-22 17:29:34.951895
s0877,t0047,3.7,True,2024-12-27 17:29:34.967511
s0091,t0121,4.0,True,2024-10-17 17:29:34.998758
s0769,t0050,3.2,False,2025-05-22 17:29:35.014382
s0907,t0140,3.7,False,2025-07-18 17:29:35.045637
s0139,t0110,3.3,True,2025-08-28 17:29:35.076897
s0495,t0142,4.0,True,2025-09-06 17:29:35.108148
s0787,t0171,4.4,True,2025-08-26 17:29:35.139385
s0144,t0136,3.3,True,2025-01-04 17:29:35.172279
s0991,t0110,3.3,True,2024-10-24 17:29:35.182794
s0254,t0111,4.7,False,2024-09-24 17:29:35.198424
s0933,t0105,4.0,True,2025-05-01 17:29:35.214045
s0845,t0166,3.3,True,2024-11-15 17:29:35.234810
s0731,t0132,2.6,True,2025-08-07 17:29:35.266064
s0995,t0060,3.9,True,2025-03-05 17:29:35.281692
s0291,t0099,4.3,True,2024-12-05 17:29:35.312943
s0455,t0050,3.7,True,2024-12-01 17:29:35.328565
s0441,t0144,4.7,True,2024-09-21 17:29:35.344187
s0043,t0155,3.6,True,2025-09-11 17:29:35.375438
s0217,t0138,3.6,True,2024-10-19 17:29:35.391062
s0633,t0097,3.9,False,2025-05-31 17:29:35.422311
s0621,t0138,3.2,True,2025-01-18 17:29:35.437939
s0760,t0148,4.8,True,2025-04-30 17:29:35.469204
s0506,t0108,4.3,True,2025-06-05 17:29:35.484814
s0300,t0018,3.4,False,2025-08-19 17:29:35.500443
s0380,t0131,4.1,False,2024-09-15 17:29:35.516063
s0844,t0065,3.7,False,2025-02-26 17:29:35.547313
s0298,t0189,3.8,False,2025-03-24 17:29:35.562947
s0815,t0129,3.7,True,2025-05-30 17:29:35.578571
s0772,t0109,4.0,True,2025-01-13 17:29:35.609814
s0432,t0075,4.4,True,2025-01-08 17:29:35.625435
s0112,t0102,3.6,True,2025-08-09 17:29:35.656684
s0540,t0092,3.5,True,2025-08-25 17:29:35.687940
s0025,t0101,3.0,True,2025-08-04 17:29:35.719190
s0158,t0054,2.9,True,2024-10-11 17:29:35.750441
s0255,t0089,3.5,True,2025-04-29 17:29:35.766063
s0059,t0099,3.6,True,2025-03-24 17:29:35.801333
s0489,t0195,4.4,False,2024-10-30 17:29:35.816950
s0211,t0051,4.4,True,2025-02-26 17:29:35.832578
s0274,t0044,3.4,True,2025-01-11 17:29:35.848201
s0939,t0181,3.9,True,2025-05-22 17:29:35.879448
s0090,t0178,3.4,True,2024-09-18 17:29:35.910694
s0409,t0172,3.5,True,2025-08-24 17:29:35.926327
s0392,t0112,2.8,True,2024-12-31 17:29:35.941951
s0455,t0112,3.6,True,2024-09-24 17:29:35.988825
s0453,t0170,3.9,False,2025-07-21 17:29:36.004448
s0502,t0149,3.1,True,2025-04-04 17:29:36.035711
s0430,t0192,3.3,True,2025-07-30 17:29:36.051339
s0380,t0088,3.3,True,2025-03-11 17:29:36.066955
s0514,t0171,4.7,True,2024-11-25 17:29:36.098202
s0831,t0059,4.6,True,2025-01-06 17:29:36.153263
s0722,t0167,3.7,True,2025-02-12 17:29:36.164259
s0115,t0070,3.8,True,2024-10-05 17:29:36.180999
s0573,t0056,3.8,False,2024-11-14 17:29:36.185666
s0236,t0139,4.0,True,2024-12-14 17:29:36.216894
s0624,t0097,3.8,False,2024-09-19 17:29:36.232517
s0382,t0073,3.2,True,2025-04-23 17:29:36.263764
s0338,t0105,3.5,True,2025-08-22 17:29:36.279391
s0955,t0151,3.8,True,2025-01-16 17:29:36.301036
s0993,t0093,3.6,False,2024-10-06 17:29:36.332287
s0606,t0030,3.8,False,2025-04-22 17:29:36.347917
s0185,t0109,3.5,False,2025-02-12 17:29:36.379172
s0255,t0020,4.4,True,2025-03-06 17:29:36.394794
s0925,t0034,3.6,False,2025-06-19 17:29:36.426041
s0544,t0112,3.8,True,2025-08-11 17:29:36.441666
s0804,t0093,3.7,False,2025-01-28 17:29:36.457292
s0791,t0178,2.9,True,2025-07-03 17:29:36.488539
s0779,t0073,3.2,True,2024-12-12 17:29:36.519789
s0563,t0105,4.0,True,2025-05-29 17:29:36.551041
s0837,t0157,4.3,True,2025-01-06 17:29:36.566667
s0326,t0128,4.1,True,2025-01-15 17:29:36.582286
s0560,t0146,3.9,True,2025-09-07 17:29:36.613538
s0689,t0120,4.5,True,2025-06-07 17:29:36.629163
s0828,t0165,4.0,False,2024-11-03 17:29:36.644788
s0977,t0200,2.6,True,2025-04-16 17:29:36.660414
s0505,t0164,3.9,True,2025-08-30 17:29:36.691663
s0447,t0060,3.5,False,2025-03-05 17:29:36.707285
s0253,t0006,5.0,True,2024-11-26 17:29:36.722916
s0430,t0132,3.6,True,2024-10-17 17:29:36.738535
s0728,t0155,3.7,True,2025-02-03 17:29:36.769832
s0181,t0194,3.8,False,2025-08-11 17:29:36.785434
s0918,t0141,4.2,True,2025-02-04 17:29:36.832312
s0186,t0180,3.8,True,2025-01-09 17:29:36.852001
s0188,t0121,3.3,False,2025-08-04 17:29:36.883251
s0975,t0184,3.2,False,2025-09-10 17:29:36.914502
s0884,t0099,3.9,False,2025-04-20 17:29:36.930128
s0012,t0090,3.6,True,2024-09-26 17:29:36.945746
s0810,t0158,3.3,True,2024-12-15 17:29:36.976998
s0498,t0081,3.9,True,2025-06-27 17:29:37.008249
s0754,t0086,4.7,True,2025-06-09 17:29:37.023875
s0941,t0051,4.5,True,2025-08-01 17:29:37.039498
s0504,t0043,3.8,True,2025-05-23 17:29:37.070749
s0131,t0019,4.3,True,2025-02-12 17:29:37.086390
s0454,t0033,3.8,True,2025-07-29 17:29:37.117630
s0512,t0052,4.3,True,2025-08-20 17:29:37.148904
s0258,t0145,4.4,True,2025-08-07 17:29:37.191359
s0471,t0082,4.3,False,2024-11-27 17:29:37.210110
s0424,t0153,3.7,True,2025-06-20 17:29:37.231344
s0304,t0164,3.8,False,2025-06-27 17:29:37.246968
s0849,t0128,4.4,True,2025-08-04 17:29:37.278225
s0203,t0180,3.6,True,2024-10-30 17:29:37.293836
s0851,t0014,4.1,True,2025-02-23 17:29:37.325087
s0955,t0029,4.0,True,2025-01-09 17:29:37.350852
s0525,t0039,4.0,True,2025-03-24 17:29:37.366482
s0018,t0093,4.3,True,2025-02-12 17:29:37.382105
s0209,t0073,3.4,True,2025-07-24 17:29:37.397731
s0182,t0095,3.6,True,2025-03-03 17:29:37.428981
s0632,t0065,3.4,True,2025-03-07 17:29:37.444608
s0433,t0157,4.3,True,2025-07-16 17:29:37.460230
s0649,t0128,4.7,True,2024-11-28 17:29:37.475853
s0262,t0066,4.5,True,2025-05-18 17:29:37.491483
s0429,t0044,3.3,True,2024-12-13 17:29:37.522728
s0228,t0075,3.9,True,2025-05-30 17:29:37.538353
s0620,t0040,3.8,True,2025-07-15 17:29:37.569609
s0685,t0089,3.6,False,2025-06-19 17:29:37.600861
s0754,t0187,4.3,False,2025-02-22 17:29:37.616481
s0295,t0112,3.1,False,2025-06-06 17:29:37.647734
s0913,t0017,4.1,True,2024-12-13 17:29:37.663359
s0959,t0017,4.2,True,2025-08-08 17:29:37.678987
s0592,t0012,4.2,False,2025-08-26 17:29:37.694605
s0354,t0042,3.4,True,2025-04-19 17:29:37.710231
s0449,t0088,3.7,True,2025-02-08 17:29:37.725853
s0331,t0192,3.0,True,2025-06-08 17:29:37.757104
s0843,t0070,3.8,True,2025-03-10 17:29:37.772729
s0735,t0073,2.9,False,2025-05-07 17:29:37.788354
s0396,t0132,3.0,True,2025-07-20 17:29:37.803979
s0996,t0132,2.8,False,2024-10-28 17:29:37.819603
s0156,t0042,3.5,True,2024-11-24 17:29:37.835239
s0325,t0020,4.6,True,2025-01-09 17:29:37.850859
s0471,t0116,4.2,True,2025-04-04 17:29:37.866483
s0181,t0166,2.9,False,2024-10-09 17:29:37.884263
s0501,t0042,3.3,True,2025-02-12 17:29:37.899895
s0123,t0149,3.7,True,2025-04-21 17:29:37.915516
s0488,t0140,4.1,False,2025-08-11 17:29:37.931146
s0166,t0189,4.0,True,2025-01-22 17:29:37.962395
s0919,t0073,2.7,True,2024-10-11 17:29:37.978021
s0957,t0108,3.6,True,2025-08-07 17:29:38.009267
s0935,t0121,3.5,False,2024-12-19 17:29:38.040516
s0124,t0110,3.8,False,2025-05-01 17:29:38.071770
s0226,t0056,3.6,True,2025-03-08 17:29:38.087397
s0911,t0101,3.7,True,2024-12-25 17:29:38.118646
s0609,t0037,5.0,True,2025-03-08 17:29:38.149897
s0838,t0037,4.1,True,2025-03-06 17:29:38.181144
s0251,t0073,3.6,True,2025-02-18 17:29:38.224539
s0716,t0163,3.6,True,2024-12-16 17:29:38.248827
s0330,t0188,4.8,True,2024-12-03 17:29:38.264455
s0804,t0033,4.3,True,2025-08-14 17:29:38.295705
s0137,t0065,3.3,False,2025-01-05 17:29:38.311324
s0600,t0050,3.4,True,2024-12-15 17:29:38.326949
s0677,t0181,3.8,True,2025-06-11 17:29:38.342577
s0337,t0093,3.3,True,2025-06-08 17:29:38.358200
s0521,t0179,3.3,True,2025-02-19 17:29:38.373829
s0734,t0032,3.9,True,2024-12-14 17:29:38.389453
s0444,t0188,4.5,False,2024-10-21 17:29:38.405077
s0734,t0139,4.5,True,2024-12-27 17:29:38.417409
s0496,t0095,4.2,True,2025-08-28 17:29:38.433044
s0828,t0138,3.9,True,2025-05-04 17:29:38.448667
s0633,t0056,4.1,True,2025-06-03 17:29:38.479915
s0828,t0131,3.3,True,2025-03-28 17:29:38.495538
s0679,t0051,4.4,True,2025-01-12 17:29:38.511164
s0028,t0103,3.8,True,2024-10-12 17:29:38.526794
s0745,t0065,3.1,True,2025-02-16 17:29:38.542413
s0657,t0044,3.2,True,2024-11-19 17:29:38.558038
s0248,t0178,3.7,True,2024-12-27 17:29:38.573663
s0408,t0051,4.1,True,2025-03-09 17:29:38.589290
s0046,t0112,3.9,True,2025-01-24 17:29:38.604912
s0836,t0014,3.8,True,2025-03-10 17:29:38.620541
s0547,t0126,3.4,False,2025-07-17 17:29:38.636163
s0730,t0081,3.4,True,2024-10-11 17:29:38.651791
s0554,t0036,3.2,True,2025-09-13 17:29:38.683042
s0915,t0107,3.0,True,2025-07-14 17:29:38.698664
s0979,t0174,4.3,True,2025-05-28 17:29:38.714289
s0367,t0146,3.4,True,2025-06-04 17:29:38.729917
s0090,t0076,3.1,True,2024-10-06 17:29:38.745539
s0065,t0189,3.4,True,2024-10-27 17:29:38.776785
s0775,t0042,3.3,True,2025-02-27 17:29:38.792413
s0528,t0105,3.7,False,2025-06-07 17:29:38.808038
s0497,t0165,4.3,True,2024-11-21 17:29:38.823663
s0474,t0027,4.0,True,2025-08-20 17:29:38.854916
s0098,t0046,3.6,False,2024-11-11 17:29:38.870537
s0660,t0056,4.0,False,2025-02-13 17:29:38.886162
s0172,t0178,3.7,False,2025-03-05 17:29:38.901798
s0611,t0047,3.8,True,2024-11-10 17:29:38.917422
s0960,t0015,4.6,True,2025-01-11 17:29:38.933042
s0548,t0038,5.0,True,2024-10-07 17:29:38.950510
s0311,t0033,3.5,True,2024-09-21 17:29:38.966144
s0432,t0066,4.3,True,2025-03-24 17:29:38.981765
s0722,t0163,3.4,True,2024-09-30 17:29:38.997394
s0578,t0047,3.0,True,2025-07-23 17:29:39.028639
s0980,t0102,3.8,False,2025-04-25 17:29:39.044263
s0701,t0047,3.1,False,2025-01-19 17:29:39.059888
s0087,t0155,3.7,True,2024-12-22 17:29:39.075514
s0357,t0155,4.3,True,2025-08-07 17:29:39.091138
s0305,t0191,4.2,False,2025-02-22 17:29:39.106764
s0611,t0182,3.7,True,2025-04-18 17:29:39.122406
s0642,t0147,3.8,True,2025-08-03 17:29:39.153646
s0491,t0129,3.8,True,2025-06-11 17:29:39.169293
s0500,t0132,2.9,False,2024-11-04 17:29:39.192882
s0917,t0049,4.5,False,2025-04-30 17:29:39.208720
s0185,t0051,4.7,True,2025-01-18 17:29:39.215179
s0470,t0074,3.2,True,2024-12-11 17:29:39.230804
s0666,t0006,3.9,True,2025-03-11 17:29:39.246430
s0775,t0155,4.4,False,2025-06-11 17:29:39.262054
s0441,t0075,4.3,True,2025-06-02 17:29:39.277685
s0610,t0092,3.5,True,2025-05-27 17:29:39.293302
s0619,t0113,3.6,True,2024-10-13 17:29:39.308932
s0932,t0025,4.6,False,2025-04-15 17:29:39.324556
s0684,t0104,3.6,False,2024-12-21 17:29:39.340184
s0161,t0069,2.9,True,2025-04-24 17:29:39.355809
s0972,t0029,3.4,True,2024-12-07 17:29:39.387057
s0514,t0171,5.0,True,2025-04-11 17:29:39.387057
s0607,t0164,2.9,False,2025-04-03 17:29:39.402679
s0249,t0060,3.4,True,2025-04-08 17:29:39.418322
s0811,t0151,3.7,True,2025-09-02 17:29:39.449560
s0284,t0100,3.6,True,2025-03-31 17:29:39.465181
s0388,t0110,3.3,True,2025-07-17 17:29:39.484796
s0244,t0175,3.7,True,2025-03-27 17:29:39.500435
s0710,t0093,3.8,True,2025-03-17 17:29:39.516052
s0968,t0188,3.9,True,2024-12-22 17:29:39.531687
s0798,t0009,4.2,True,2025-03-30 17:29:39.547305
s0451,t0092,3.6,True,2025-06-20 17:29:39.578550
s0717,t0051,3.9,True,2025-07-04 17:29:39.594177
s0578,t0033,3.5,True,2025-04-05 17:29:39.609805
s0578,t0095,3.9,True,2024-11-10 17:29:39.625425
s0981,t0004,4.0,False,2024-11-30 17:29:39.641048
s0528,t0180,3.0,True,2025-07-05 17:29:39.656675
s0447,t0194,3.7,True,2024-10-22 17:29:39.687928
s0751,t0156,3.7,True,2025-02-07 17:29:39.703552
s0117,t0187,3.6,True,2025-02-10 17:29:39.719174
s0104,t0020,4.7,True,2025-04-20 17:29:39.734809
s0005,t0026,5.0,True,2025-09-09 17:29:39.750431
s0980,t0191,3.3,True,2025-01-26 17:29:39.766061
s0963,t0033,4.3,True,2024-11-25 17:29:39.781674
s0483,t0068,3.5,False,2025-06-12 17:29:39.797299
s0188,t0002,3.8,True,2025-04-10 17:29:39.812926
s0513,t0063,4.8,True,2025-08-09 17:29:39.828551
s0944,t0150,3.2,True,2025-04-22 17:29:39.844175
s0610,t0072,3.3,False,2024-10-07 17:29:39.859802
s0633,t0140,3.7,True,2025-01-27 17:29:39.891049
s0507,t0005,3.7,True,2025-07-24 17:29:39.906681
s0920,t0146,3.2,True,2025-02-24 17:29:39.922299
s0919,t0132,3.1,True,2025-03-02 17:29:39.937924
s0470,t0118,4.3,False,2025-04-16 17:29:39.953552
s0356,t0122,3.2,True,2025-01-26 17:29:39.969177
s0798,t0078,4.0,True,2025-03-05 17:29:39.969177
s0186,t0069,4.0,True,2024-10-12 17:29:39.984815
s0121,t0096,4.2,True,2025-08-29 17:29:40.000365
s0602,t0070,3.1,True,2025-07-31 17:29:40.031616
s0718,t0029,3.5,True,2025-09-06 17:29:40.047243
s0538,t0003,4.0,True,2025-07-07 17:29:40.062873
s0346,t0003,4.1,True,2025-07-08 17:29:40.078492
s0017,t0043,4.2,True,2024-11-03 17:29:40.094117
s0876,t0091,3.5,False,2024-12-02 17:29:40.109741
s0735,t0042,2.9,True,2024-10-17 17:29:40.125367
s0931,t0092,3.1,True,2025-06-08 17:29:40.156633
s0130,t0150,4.1,True,2025-08-30 17:29:40.187878
s0158,t0008,3.4,True,2025-05-27 17:29:40.206316
s0302,t0020,3.9,True,2025-06-06 17:29:40.223061
s0866,t0146,3.5,True,2025-05-15 17:29:40.234972
s0563,t0043,4.1,True,2025-04-04 17:29:40.250600
s0033,t0131,3.9,True,2025-05-27 17:29:40.266223
s0678,t0188,4.7,True,2025-05-07 17:29:40.281842
s0701,t0129,3.8,True,2025-06-08 17:29:40.297467
s0702,t0051,3.9,True,2025-06-05 17:29:40.313088
s0180,t0199,3.9,True,2025-07-24 17:29:40.328714
s0827,t0136,3.9,True,2025-02-16 17:29:40.359963
s0148,t0073,2.8,False,2025-05-28 17:29:40.375588
s0557,t0180,3.8,True,2024-12-20 17:29:40.391218
s0570,t0121,4.0,True,2024-10-24 17:29:40.406841
s0739,t0138,3.6,False,2024-11-11 17:29:40.422468
s0588,t0147,3.6,False,2024-11-24 17:29:40.438086
s0282,t0139,4.6,True,2025-06-10 17:29:40.453717
s0560,t0129,4.2,True,2025-01-14 17:29:40.469343
s0242,t0034,3.4,False,2024-12-12 17:29:40.484967
s0805,t0168,4.4,True,2025-03-21 17:29:40.500589
s0281,t0128,4.1,True,2024-09-14 17:29:40.516217
s0233,t0163,3.8,True,2025-02-11 17:29:40.533934
s0616,t0175,3.4,False,2025-07-19 17:29:40.549565
s0907,t0063,4.6,False,2025-06-21 17:29:40.565191
s0613,t0189,3.5,True,2024-09-21 17:29:40.596435
s0420,t0188,3.8,True,2025-05-13 17:29:40.612062
s0313,t0031,3.9,True,2025-07-12 17:29:40.627687
s0880,t0137,4.2,True,2025-08-17 17:29:40.643312
s0717,t0029,4.0,True,2025-08-08 17:29:40.658935
s0754,t0042,3.6,True,2025-07-13 17:29:40.674560
s0155,t0136,4.2,False,2025-01-20 17:29:40.690185
s0242,t0003,4.2,True,2025-07-04 17:29:40.705811
s0153,t0070,2.9,True,2025-02-09 17:29:40.721435
s0787,t0125,3.6,False,2025-04-04 17:29:40.737063
s0633,t0030,3.3,True,2025-01-04 17:29:40.752691
s0211,t0139,4.4,True,2025-01-30 17:29:40.768318
s0507,t0115,4.6,True,2024-12-27 17:29:40.783949
s0419,t0153,3.7,True,2025-09-10 17:29:40.799564
s0140,t0081,3.7,True,2025-07-08 17:29:40.815188
s0610,t0092,4.0,True,2025-04-02 17:29:40.830814
s0250,t0180,3.6,True,2025-05-24 17:29:40.846436
s0856,t0033,3.9,False,2024-12-06 17:29:40.862069
s0105,t0050,3.2,False,2024-10-02 17:29:40.877691
s0302,t0084,4.3,False,2025-09-12 17:29:40.908938
s0225,t0007,3.2,True,2024-10-18 17:29:40.924563
s0955,t0070,2.9,True,2024-10-23 17:29:40.940187
s0841,t0154,3.4,True,2025-06-16 17:29:40.955816
s0296,t0074,3.3,True,2024-11-06 17:29:40.971438
s0690,t0178,3.5,True,2025-08-20 17:29:40.987066
s0168,t0183,3.6,True,2025-03-08 17:29:41.002705
s0059,t0133,3.5,True,2025-07-24 17:29:41.018312
s0797,t0033,3.9,True,2024-12-10 17:29:41.033939
s0754,t0138,4.3,True,2024-09-29 17:29:41.049564
s0687,t0148,5.0,True,2025-08-29 17:29:41.066741
s0179,t0156,4.0,True,2024-12-24 17:29:41.082372
s0133,t0099,4.4,True,2025-08-20 17:29:41.097998
s0796,t0187,3.4,False,2024-09-13 17:29:41.113617
s0851,t0112,3.4,True,2025-06-08 17:29:41.129242
s0709,t0025,4.4,True,2025-04-17 17:29:41.160501
s0061,t0198,3.6,True,2025-05-18 17:29:41.176133
s0794,t0074,3.3,False,2024-10-27 17:29:41.207376
s0432,t0102,3.0,True,2025-07-30 17:29:41.222995
s0053,t0188,4.5,False,2024-12-16 17:29:41.253150
s0396,t0024,3.5,True,2025-07-27 17:29:41.264151
s0075,t0062,3.6,True,2025-01-15 17:29:41.280361
s0305,t0173,3.7,False,2025-03-25 17:29:41.295987
s0663,t0060,4.4,True,2024-11-07 17:29:41.311612
s0716,t0005,3.8,False,2024-11-08 17:29:41.327236
s0954,t0029,3.4,True,2025-01-13 17:29:41.342864
s0694,t0095,3.4,True,2025-07-13 17:29:41.358485
s0870,t0052,3.7,True,2025-08-12 17:29:41.374115
s0282,t0093,4.6,True,2024-11-02 17:29:41.389739
s0912,t0165,4.1,True,2025-01-01 17:29:41.405362
s0253,t0081,4.0,True,2025-05-21 17:29:41.420992
s0822,t0055,4.4,False,2025-08-26 17:29:41.436611
s0346,t0047,2.8,False,2025-03-30 17:29:41.452237
s0369,t0164,3.4,True,2025-04-21 17:29:41.483490
s0740,t0048,3.8,True,2025-01-19 17:29:41.499119
s0094,t0198,4.0,False,2024-11-30 17:29:41.514740
s0019,t0103,4.0,True,2025-02-25 17:29:41.530365
s0262,t0139,4.4,True,2025-04-19 17:29:41.545988
s0438,t0005,3.8,False,2025-03-11 17:29:41.561617
s0116,t0009,4.1,True,2025-07-02 17:29:41.577241
s0982,t0005,3.6,True,2024-12-21 17:29:41.600091
s0355,t0139,3.7,True,2025-02-16 17:29:41.615720
s0299,t0106,2.9,False,2024-12-25 17:29:41.631348
s0827,t0003,3.7,True,2025-08-18 17:29:41.646972
s0911,t0067,3.5,True,2025-04-27 17:29:41.662599
s0173,t0040,3.5,True,2025-06-01 17:29:41.678223
s0431,t0127,3.5,False,2024-11-30 17:29:41.693846
s0636,t0069,3.9,True,2024-11-19 17:29:41.709470
s0468,t0073,3.7,True,2025-04-21 17:29:41.725096
s0965,t0127,3.5,True,2025-02-28 17:29:41.740720
s0719,t0155,4.3,False,2025-09-08 17:29:41.771969
s0229,t0038,4.3,False,2024-12-30 17:29:41.787593
s0183,t0109,4.1,True,2025-06-01 17:29:41.803218
s0400,t0127,3.3,True,2025-04-09 17:29:41.818846
s0419,t0148,4.4,True,2025-01-18 17:29:41.834478
s0322,t0021,4.4,True,2024-09-16 17:29:41.850096
s0773,t0037,4.4,True,2025-02-28 17:29:41.865723
s0564,t0109,3.7,True,2025-07-03 17:29:41.881344
s0347,t0158,3.6,True,2024-11-12 17:29:41.896969
s0185,t0009,4.4,True,2025-01-25 17:29:41.912599
s0937,t0053,4.3,False,2025-04-22 17:29:41.928219
s0271,t0147,4.0,False,2025-05-18 17:29:41.943843
s0633,t0108,4.6,True,2025-08-02 17:29:41.959474
s0462,t0005,3.2,True,2025-07-27 17:29:41.975098
s0110,t0122,3.9,False,2025-05-02 17:29:41.990723
s0077,t0068,4.2,True,2025-08-18 17:29:42.006344
s0293,t0129,4.0,True,2024-09-26 17:29:42.021971
s0210,t0139,4.5,True,2025-06-20 17:29:42.053219
s0840,t0165,4.1,True,2024-10-09 17:29:42.068846
s0591,t0149,3.4,False,2025-06-24 17:29:42.084474
s0966,t0190,5.0,False,2025-08-18 17:29:42.100097
s0068,t0118,3.9,True,2025-01-16 17:29:42.100097
s0913,t0138,3.1,True,2024-11-05 17:29:42.131590
s0461,t0057,4.1,True,2024-11-24 17:29:42.148999
s0069,t0047,3.6,False,2024-09-17 17:29:42.164613
s0348,t0183,3.2,True,2025-07-19 17:29:42.180246
s0522,t0197,3.7,True,2024-10-05 17:29:42.211499
s0038,t0095,4.2,True,2024-10-14 17:29:42.241175
s0772,t0115,3.6,True,2024-12-22 17:29:42.256912
s0427,t0081,3.8,True,2025-02-15 17:29:42.264545
s0578,t0162,3.7,True,2025-07-02 17:29:42.280166
s0474,t0095,3.4,True,2025-01-24 17:29:42.295793
s0129,t0020,4.5,True,2025-07-12 17:29:42.311416
s0016,t0136,3.5,True,2025-02-10 17:29:42.342667
s0703,t0178,3.7,True,2024-09-23 17:29:42.342667
s0364,t0181,4.0,True,2025-02-24 17:29:42.358296
s0825,t0070,2.8,False,2025-01-02 17:29:42.389541
s0237,t0053,3.1,True,2024-10-23 17:29:42.405168
s0492,t0083,3.3,True,2025-01-01 17:29:42.421498
s0664,t0146,4.1,True,2025-01-07 17:29:42.437126
s0393,t0147,3.4,True,2024-11-22 17:29:42.452752
s0196,t0084,4.3,False,2024-10-14 17:29:42.468381
s0030,t0132,3.4,True,2024-09-17 17:29:42.484008
s0131,t0137,4.0,True,2024-12-31 17:29:42.499629
s0496,t0095,3.9,False,2024-10-22 17:29:42.515256
s0722,t0158,4.1,True,2025-06-04 17:29:42.530879
s0748,t0098,4.3,True,2024-10-15 17:29:42.562127
s0496,t0153,4.4,True,2024-11-24 17:29:42.577754
s0618,t0054,2.7,False,2025-02-26 17:29:42.593383
s0803,t0043,3.5,True,2025-03-01 17:29:42.609004
s0120,t0050,3.2,True,2025-01-02 17:29:42.624629
s0332,t0158,3.6,True,2025-07-28 17:29:42.640257
s0538,t0051,4.1,True,2024-12-17 17:29:42.666609
s0180,t0156,3.0,True,2025-07-13 17:29:42.682245
s0520,t0080,4.5,True,2025-06-02 17:29:42.697862
s0743,t0031,3.4,True,2024-12-18 17:29:42.713485
s0766,t0145,3.9,True,2025-07-08 17:29:42.729110
s0795,t0008,3.0,True,2024-09-22 17:29:42.744735
s0917,t0102,3.6,True,2025-06-02 17:29:42.760365
s0385,t0149,3.7,False,2025-07-05 17:29:42.775988
s0780,t0156,3.1,False,2025-08-20 17:29:42.791614
s0408,t0178,2.9,True,2024-09-16 17:29:42.807239
s0615,t0050,3.4,False,2025-08-09 17:29:42.822863
s0986,t0150,4.0,False,2025-04-16 17:29:42.838487
s0197,t0133,3.9,True,2025-07-28 17:29:42.854111
s0178,t0039,4.9,True,2025-08-20 17:29:42.869739
s0431,t0185,3.7,False,2025-04-11 17:29:42.885364
s0299,t0097,3.4,True,2025-07-04 17:29:42.901003
s0461,t0193,3.4,True,2025-07-04 17:29:42.916616
s0449,t0164,3.3,True,2024-11-14 17:29:42.932239
s0512,t0148,4.2,True,2025-02-05 17:29:42.947863
s0521,t0114,3.8,False,2025-07-28 17:29:42.979122
s0487,t0157,3.9,False,2025-01-23 17:29:42.994736
s0477,t0160,4.0,True,2025-03-08 17:29:43.010365
s0844,t0129,4.3,True,2025-04-09 17:29:43.025990
s0887,t0010,4.9,True,2025-04-16 17:29:43.041617
s0740,t0137,3.7,True,2025-05-20 17:29:43.057238
s0838,t0197,3.3,True,2025-06-17 17:29:43.072863
s0876,t0118,3.9,False,2025-01-13 17:29:43.088487
s0846,t0024,3.7,True,2024-11-23 17:29:43.104113
s0330,t0181,4.2,True,2025-03-19 17:29:43.119737
s0661,t0060,3.2,True,2025-02-12 17:29:43.135362
s0910,t0111,4.0,False,2025-08-08 17:29:43.150996
s0034,t0109,3.2,True,2025-08-06 17:29:43.166618
s0922,t0177,3.1,True,2024-10-14 17:29:43.200927
s0919,t0032,4.3,True,2024-12-31 17:29:43.216557
s0153,t0112,3.6,False,2024-09-22 17:29:43.252624
s0334,t0031,3.3,True,2025-07-10 17:29:43.269321
s0708,t0091,3.3,False,2024-12-16 17:29:43.280898
s0042,t0183,3.7,True,2024-11-13 17:29:43.296524
s0418,t0036,4.2,False,2025-06-28 17:29:43.312155
s0475,t0181,4.3,True,2025-01-26 17:29:43.327774
s0617,t0148,4.3,True,2024-12-29 17:29:43.343400
s0373,t0060,4.1,True,2025-07-14 17:29:43.359025
s0184,t0054,3.2,False,2025-07-19 17:29:43.374648
s0874,t0092,3.8,True,2025-08-29 17:29:43.390275
s0935,t0046,3.5,False,2024-09-26 17:29:43.405899
s0432,t0075,4.2,True,2025-02-01 17:29:43.421528
s0468,t0109,3.3,False,2025-03-13 17:29:43.437148
s0183,t0110,3.7,True,2024-10-30 17:29:43.452776
s0832,t0014,3.5,True,2025-02-04 17:29:43.468402
s0768,t0121,3.4,False,2024-12-16 17:29:43.484028
s0355,t0033,3.8,True,2025-02-20 17:29:43.499655
s0997,t0053,3.9,True,2025-01-30 17:29:43.515281
s0626,t0164,3.2,False,2025-08-19 17:29:43.546525
s0337,t0131,3.3,True,2024-11-12 17:29:43.562151
s0092,t0117,4.4,False,2025-08-13 17:29:43.577777
s0313,t0031,3.9,True,2025-02-21 17:29:43.593400
s0159,t0132,3.4,True,2025-02-14 17:29:43.609025
s0857,t0154,3.7,False,2024-12-08 17:29:43.624650
s0857,t0021,4.0,True,2024-10-26 17:29:43.640278
s0118,t0178,2.8,True,2024-12-27 17:29:43.655899
s0995,t0180,3.4,True,2025-08-26 17:29:43.671524
s0587,t0109,3.8,True,2024-12-03 17:29:43.687148
s0988,t0042,3.1,True,2025-09-02 17:29:43.716155
s0994,t0122,3.8,True,2025-06-04 17:29:43.731788
s0967,t0033,4.3,True,2025-01-21 17:29:43.747407
s0458,t0029,3.6,False,2025-08-28 17:29:43.763034
s0364,t0051,4.4,True,2025-04-02 17:29:43.778657
s0632,t0003,4.4,True,2024-11-20 17:29:43.794283
s0892,t0103,3.8,True,2024-11-11 17:29:43.809905
s0751,t0008,3.1,True,2024-09-16 17:29:43.825532
s0232,t0142,4.2,False,2024-09-23 17:29:43.841160
s0937,t0053,4.1,True,2025-07-01 17:29:43.856787
s0863,t0070,3.7,True,2025-08-29 17:29:43.872411
s0825,t0143,4.4,True,2024-09-23 17:29:43.903658
s0071,t0178,2.9,True,2024-09-25 17:29:43.919286
s0093,t0060,3.8,True,2025-08-02 17:29:43.934908
s0507,t0145,4.5,True,2025-06-29 17:29:43.950540
s0648,t0179,3.0,False,2025-02-05 17:29:43.966165
s0474,t0167,3.1,True,2025-05-09 17:29:43.981786
s0783,t0165,4.6,True,2025-07-29 17:29:43.997408
s0384,t0110,4.0,False,2024-11-30 17:29:44.013032
s0194,t0065,3.5,True,2025-04-09 17:29:44.044281
s0314,t0027,4.5,True,2025-07-13 17:29:44.059906
s0417,t0139,4.4,True,2025-05-22 17:29:44.075532
s0120,t0191,3.5,True,2024-10-07 17:29:44.091160
s0454,t0147,4.0,True,2025-03-10 17:29:44.106779
s0988,t0005,3.0,True,2025-07-02 17:29:44.122405
s0661,t0119,4.1,True,2025-06-16 17:29:44.138032
s0442,t0182,3.7,True,2025-04-19 17:29:44.153656
s0354,t0053,3.9,True,2025-07-25 17:29:44.169280
s0028,t0072,4.0,True,2024-10-31 17:29:44.184905
s0974,t0030,3.6,True,2025-08-26 17:29:44.200544
s0609,t0037,4.3,True,2025-04-07 17:29:44.231786
s1000,t0136,4.1,True,2025-04-03 17:29:44.251532
s0351,t0129,4.0,True,2025-02-09 17:29:44.279086
s0252,t0098,3.8,True,2025-01-11 17:29:44.295849
s0417,t0034,3.9,True,2025-03-11 17:29:44.297332
s0438,t0136,3.4,False,2025-03-28 17:29:44.328584
s0595,t0015,3.6,True,2025-08-21 17:29:44.344210
s0237,t0020,4.6,True,2025-06-24 17:29:44.359833
s0539,t0171,4.2,False,2025-01-20 17:29:44.375460
s0287,t0106,3.6,True,2025-05-17 17:29:44.391080
s0279,t0051,4.9,True,2024-10-17 17:29:44.406708
s0495,t0095,3.9,True,2025-03-30 17:29:44.422334
s0856,t0051,4.4,False,2025-01-22 17:29:44.437960
s0391,t0121,3.4,False,2025-05-15 17:29:44.453584
s0074,t0008,4.1,True,2024-12-29 17:29:44.469210
s0914,t0059,4.5,True,2025-07-04 17:29:44.484836
s0278,t0091,4.1,True,2025-06-12 17:29:44.500463
s0563,t0043,3.9,True,2025-06-20 17:29:44.516083
s0574,t0025,3.9,True,2024-09-17 17:29:44.531714
s0517,t0032,3.8,True,2024-10-06 17:29:44.547336
s0613,t0073,3.0,True,2025-08-17 17:29:44.562959
s0573,t0023,5.0,True,2024-12-24 17:29:44.594207
s0252,t0115,4.2,True,2025-05-14 17:29:44.609839
s0572,t0131,3.7,False,2024-10-30 17:29:44.625457
s0720,t0142,3.5,True,2025-07-27 17:29:44.641082
s0054,t0073,3.6,True,2025-02-17 17:29:44.656705
s0270,t0065,3.7,False,2024-10-22 17:29:44.672332
s0590,t0060,4.2,True,2024-10-07 17:29:44.687957
s0228,t0140,4.2,False,2025-04-09 17:29:44.703580
s0503,t0092,4.1,True,2025-03-14 17:29:44.719206
s0375,t0158,4.0,True,2025-04-27 17:29:44.734831
s0162,t0018,3.0,False,2024-09-25 17:29:44.750462
s0951,t0043,3.7,True,2025-03-06 17:29:44.766091
s0083,t0038,4.6,True,2025-03-28 17:29:44.781713
s0705,t0032,3.8,False,2025-03-29 17:29:44.799416
s0468,t0073,3.1,True,2025-03-01 17:29:44.815047
s0452,t0178,2.9,False,2025-04-28 17:29:44.830669
s0509,t0073,3.1,True,2025-05-27 17:29:44.846292
s0233,t0200,3.1,False,2025-07-13 17:29:44.861922
s0249,t0093,3.4,False,2025-04-25 17:29:44.877543
s0250,t0050,3.5,True,2025-03-10 17:29:44.908792
s0458,t0054,3.3,True,2025-04-29 17:29:44.924417
s0393,t0112,3.3,True,2024-12-19 17:29:44.940046
s0933,t0041,4.3,False,2025-04-16 17:29:44.955670
s0626,t0101,3.8,True,2025-01-10 17:29:44.971295
s0543,t0093,3.9,True,2025-02-12 17:29:44.986921
s0289,t0147,3.6,True,2025-09-07 17:29:45.002546
s0464,t0133,3.4,True,2024-12-08 17:29:45.018170
s0365,t0112,3.5,False,2025-01-10 17:29:45.033800
s0037,t0148,4.8,True,2025-05-06 17:29:45.049421
s0966,t0136,4.5,False,2025-04-24 17:29:45.065047
s0744,t0109,4.0,False,2025-05-18 17:29:45.080668
s0188,t0182,3.9,True,2025-08-25 17:29:45.096290
s0886,t0195,4.2,True,2024-12-29 17:29:45.111922
s0686,t0065,3.3,True,2025-05-27 17:29:45.127542
s0085,t0145,3.6,True,2025-02-17 17:29:45.143168
s0121,t0017,3.8,True,2024-09-20 17:29:45.158792
s0736,t0099,4.7,False,2024-12-20 17:29:45.174418
s0818,t0199,3.6,True,2024-11-22 17:29:45.190044
s0058,t0198,4.8,False,2025-01-03 17:29:45.221302
s0564,t0171,4.6,True,2024-10-24 17:29:45.236926
s0348,t0143,4.6,True,2025-09-01 17:29:45.268179
s0881,t0077,3.0,True,2025-06-20 17:29:45.283798
s0650,t0017,4.0,True,2025-05-11 17:29:45.312162
s0821,t0114,3.5,True,2025-05-10 17:29:45.327842
s0593,t0192,2.9,True,2025-05-25 17:29:45.330451
s0915,t0047,3.7,False,2025-08-31 17:29:45.361700
s0974,t0113,3.7,True,2025-02-17 17:29:45.377325
s0817,t0192,2.9,True,2025-01-21 17:29:45.392949
s0691,t0197,3.4,False,2025-04-16 17:29:45.408575
s0761,t0039,4.0,False,2025-02-08 17:29:45.424201
s0992,t0156,3.1,False,2024-11-10 17:29:45.439826
s0349,t0053,3.5,False,2024-09-22 17:29:45.455451
s0124,t0037,4.5,False,2025-09-07 17:29:45.471074
s0291,t0062,3.7,True,2025-03-10 17:29:45.502325
s0781,t0104,2.9,True,2025-02-18 17:29:45.517952
s0782,t0053,4.1,True,2025-08-05 17:29:45.533582
s0113,t0028,3.8,True,2025-04-15 17:29:45.549202
s0095,t0050,3.1,True,2025-08-27 17:29:45.564828
s0466,t0017,3.7,False,2025-08-14 17:29:45.580450
s0376,t0100,3.2,True,2025-07-16 17:29:45.596078
s0878,t0092,3.3,True,2025-02-14 17:29:45.611704
s0786,t0182,3.9,False,2025-03-26 17:29:45.627330
s0996,t0031,3.0,True,2025-08-06 17:29:45.642952
s0731,t0142,3.7,False,2025-01-06 17:29:45.658579
s0329,t0017,3.4,False,2024-10-21 17:29:45.674201
s0776,t0155,3.7,True,2024-11-20 17:29:45.689826
s0653,t0151,4.6,True,2025-06-17 17:29:45.705453
s0802,t0161,3.4,True,2025-01-20 17:29:45.736703
s0708,t0053,3.1,True,2024-11-02 17:29:45.752325
s0207,t0183,3.7,True,2025-05-22 17:29:45.767957
s0671,t0032,4.1,True,2025-04-21 17:29:45.783580
s0315,t0171,3.9,True,2025-04-01 17:29:45.799212
s0411,t0031,4.0,True,2025-04-19 17:29:45.814829
s0228,t0173,4.3,True,2025-05-01 17:29:45.814829
s0484,t0013,4.5,True,2024-10-04 17:29:45.848131
s0156,t0149,3.5,False,2024-11-16 17:29:45.863756
s0112,t0070,2.9,True,2025-01-10 17:29:45.879381
s0979,t0190,3.9,False,2025-02-03 17:29:45.895004
s0754,t0138,3.4,False,2024-11-23 17:29:45.910631
s0854,t0156,3.6,True,2025-05-30 17:29:45.926256
s0493,t0083,3.4,True,2025-09-02 17:29:45.957502
s0372,t0029,3.9,False,2025-05-24 17:29:45.973127
s0252,t0194,4.4,True,2024-11-26 17:29:45.988753
s0434,t0051,4.6,False,2025-09-09 17:29:46.004382
s0590,t0180,3.8,True,2025-06-11 17:29:46.020005
s0054,t0114,3.1,False,2025-09-02 17:29:46.035627
s0669,t0030,3.2,True,2025-07-10 17:29:46.051259
s0357,t0182,3.0,True,2025-06-16 17:29:46.066885
s0761,t0009,3.9,False,2024-09-28 17:29:46.082510
s0145,t0186,3.7,True,2025-01-24 17:29:46.098138
s0013,t0012,4.5,False,2024-11-17 17:29:46.113753
s0154,t0005,3.6,True,2025-01-31 17:29:46.129376
s0921,t0153,3.4,False,2024-09-29 17:29:46.145003
s0424,t0042,3.2,True,2024-12-16 17:29:46.176252
s0440,t0037,3.9,True,2025-07-10 17:29:46.191876
s0698,t0181,4.3,False,2025-05-06 17:29:46.207505
s0394,t0112,3.8,True,2025-01-11 17:29:46.238764
s0672,t0197,3.6,True,2025-05-06 17:29:46.270013
s0140,t0064,3.9,True,2024-10-28 17:29:46.285634
s0361,t0122,3.6,False,2025-03-13 17:29:46.321098
s0314,t0196,4.6,True,2025-07-16 17:29:46.337520
s0484,t0096,4.4,True,2025-01-21 17:29:46.346831
s0749,t0060,3.8,True,2025-07-16 17:29:46.365540
s0619,t0153,3.7,True,2024-10-12 17:29:46.396799
s0980,t0193,2.8,True,2025-05-29 17:29:46.412418
s0157,t0050,3.0,True,2025-02-02 17:29:46.428044
s0672,t0003,3.7,True,2025-06-02 17:29:46.443671
s0942,t0097,3.3,True,2025-01-09 17:29:46.459293
s0863,t0073,3.4,True,2025-03-17 17:29:46.490542
s0800,t0003,4.5,True,2024-09-26 17:29:46.506168
s0617,t0113,3.9,True,2025-06-09 17:29:46.521793
s0565,t0114,3.1,False,2025-06-10 17:29:46.537419
s0177,t0150,3.5,True,2025-03-18 17:29:46.553043
s0686,t0017,3.8,False,2025-07-30 17:29:46.568668
s0223,t0164,3.3,True,2024-12-01 17:29:46.584294
s0145,t0142,4.4,False,2024-10-11 17:29:46.599948
s0645,t0179,3.0,True,2025-07-16 17:29:46.615547
s0040,t0048,4.0,True,2025-03-13 17:29:46.631173
s0252,t0064,3.7,True,2025-07-15 17:29:46.662417
s0751,t0121,3.9,False,2025-08-21 17:29:46.678045
s0647,t0065,3.7,True,2025-02-27 17:29:46.693671
s0932,t0024,3.5,True,2025-04-25 17:29:46.709294
s0783,t0043,3.2,True,2024-11-21 17:29:46.724918
s0984,t0018,3.6,False,2024-11-30 17:29:46.756171
s0681,t0075,4.5,True,2025-01-28 17:29:46.771794
s0859,t0092,3.9,True,2025-02-07 17:29:46.787417
s0680,t0067,3.3,True,2024-11-15 17:29:46.803044
s0092,t0045,4.7,True,2024-12-18 17:29:46.818673
s0568,t0129,3.9,True,2025-03-05 17:29:46.834297
s0898,t0196,4.0,True,2025-03-26 17:29:46.849919
s0287,t0005,3.2,True,2024-10-17 17:29:46.865550
s0497,t0186,3.7,True,2025-01-14 17:29:46.881172
s0516,t0102,3.4,False,2025-08-04 17:29:46.899095
s0700,t0081,3.9,True,2025-02-05 17:29:46.914727
s0481,t0155,4.7,True,2025-03-10 17:29:46.930348
s0867,t0141,4.2,True,2024-12-29 17:29:46.961596
s0593,t0052,4.1,True,2025-01-29 17:29:46.977221
s0870,t0149,3.3,False,2025-09-13 17:29:46.992848
s0037,t0044,3.6,True,2025-09-10 17:29:47.008478
s0155,t0092,3.6,False,2025-04-09 17:29:47.024100
s0702,t0100,3.1,True,2024-12-08 17:29:47.055348
s0395,t0075,4.2,True,2024-11-07 17:29:47.070975
s0457,t0046,4.1,True,2025-08-02 17:29:47.086596
s0786,t0150,3.2,False,2025-02-09 17:29:47.102224
s0221,t0145,3.5,True,2025-06-12 17:29:47.117847
s0759,t0095,3.7,True,2024-11-01 17:29:47.133477
s0498,t0069,3.1,False,2025-05-29 17:29:47.149104
s0550,t0054,3.0,True,2025-03-20 17:29:47.164723
s0132,t0051,3.8,False,2025-01-29 17:29:47.180348
s0603,t0175,3.9,True,2024-10-13 17:29:47.195976
s0048,t0121,4.2,True,2024-11-25 17:29:47.211598
s0344,t0086,4.7,True,2025-04-11 17:29:47.227221
s0523,t0034,2.9,False,2025-04-08 17:29:47.289739
s0580,t0038,4.8,True,2024-12-30 17:29:47.305366
s0335,t0130,4.1,False,2024-10-09 17:29:47.338011
s0946,t0113,4.1,True,2024-12-19 17:29:47.355726
s0189,t0025,3.9,True,2024-10-02 17:29:47.363302
s0050,t0090,3.6,True,2025-01-19 17:29:47.378930
s0740,t0145,3.9,True,2024-10-21 17:29:47.394549
s0910,t0043,3.4,False,2025-07-15 17:29:47.425799
s0047,t0051,4.0,True,2025-04-22 17:29:47.431861
s0673,t0028,3.9,True,2025-01-01 17:29:47.447491
s0211,t0078,4.1,True,2025-02-25 17:29:47.463113
s0568,t0140,4.3,True,2025-03-21 17:29:47.478738
s0011,t0129,3.8,True,2025-03-16 17:29:47.494362
s0648,t0166,3.7,True,2024-12-14 17:29:47.509992
s0431,t0189,4.3,True,2025-09-07 17:29:47.525612
s0870,t0098,3.7,True,2025-07-10 17:29:47.556867
s0991,t0072,3.6,True,2024-11-01 17:29:47.572489
s0412,t0102,4.0,True,2025-06-27 17:29:47.588115
s0735,t0132,2.7,False,2025-02-18 17:29:47.603737
s0380,t0188,4.6,True,2024-11-26 17:29:47.619364
s0015,t0150,3.8,False,2025-01-17 17:29:47.634987
s0329,t0039,3.8,True,2025-04-07 17:29:47.650613
s0423,t0020,4.2,False,2025-01-21 17:29:47.666242
s0760,t0078,4.3,True,2025-04-29 17:29:47.681871
s0425,t0038,4.4,True,2025-06-10 17:29:47.697495
s0330,t0186,3.6,False,2024-10-07 17:29:47.713120
s0758,t0109,3.7,True,2025-08-10 17:29:47.728738
s0464,t0048,4.2,False,2025-01-06 17:29:47.744366
s0738,t0103,3.5,True,2025-04-01 17:29:47.775612
s0283,t0097,3.1,True,2024-11-22 17:29:47.791237
s0633,t0043,3.3,True,2025-01-20 17:29:47.806860
s0211,t0078,4.2,True,2025-01-29 17:29:47.822487
s0258,t0145,4.9,True,2025-06-12 17:29:47.838111
s0147,t0023,4.4,True,2024-12-23 17:29:47.853738
s0025,t0104,3.6,False,2025-04-14 17:29:47.869366
s0533,t0095,3.8,True,2025-06-02 17:29:47.884991
s0579,t0121,3.5,True,2025-02-24 17:29:47.900613
s0518,t0078,3.9,True,2025-05-17 17:29:47.916245
s0967,t0094,4.6,True,2025-03-01 17:29:47.931865
s0585,t0091,3.3,False,2025-05-26 17:29:47.948479
s0685,t0064,3.5,True,2025-08-17 17:29:47.964113
s0526,t0118,3.6,True,2025-03-07 17:29:47.979732
s0889,t0147,3.7,True,2025-07-18 17:29:47.995363
s0381,t0093,3.6,False,2024-12-16 17:29:48.010986
s0940,t0006,4.7,False,2025-04-14 17:29:48.026609
s0976,t0003,3.7,True,2025-07-31 17:29:48.057859
s0448,t0184,3.0,False,2025-04-24 17:29:48.057859
s0068,t0132,3.1,True,2025-09-09 17:29:48.089112
s0192,t0092,3.0,True,2024-10-12 17:29:48.104736
s0713,t0005,3.9,True,2025-06-23 17:29:48.120358
s0041,t0120,3.8,True,2025-07-23 17:29:48.135983
s0648,t0112,3.9,True,2025-08-10 17:29:48.151613
s0886,t0140,4.1,True,2024-12-06 17:29:48.167235
s0969,t0013,4.5,True,2025-04-24 17:29:48.182857
s0840,t0178,3.3,False,2025-02-10 17:29:48.198487
s0538,t0093,4.0,True,2024-12-14 17:29:48.214111
s0677,t0109,3.8,True,2025-01-24 17:29:48.229736
s0336,t0017,4.1,True,2024-11-11 17:29:48.245357
s0831,t0063,4.3,True,2025-05-04 17:29:48.260982
s0150,t0065,4.0,True,2024-10-01 17:29:48.292242
s0809,t0047,3.0,False,2025-01-15 17:29:48.323501
s0784,t0189,4.2,False,2025-03-24 17:29:48.339108
s0561,t0147,3.9,True,2025-03-17 17:29:48.360410
s0006,t0171,4.6,True,2024-11-29 17:29:48.376174
s0062,t0050,3.7,False,2025-03-18 17:29:48.379705
s0410,t0078,3.7,True,2024-09-13 17:29:48.395331
s0066,t0173,4.1,True,2024-09-23 17:29:48.410960
s0675,t0112,3.6,True,2025-06-18 17:29:48.426581
s0642,t0069,3.2,True,2024-12-21 17:29:48.442206
s0456,t0052,3.7,True,2024-10-23 17:29:48.473454
s0677,t0109,4.2,True,2025-04-27 17:29:48.489079
s0865,t0194,4.0,True,2025-03-06 17:29:48.498463
s0475,t0181,4.2,True,2025-04-19 17:29:48.514102
s0036,t0105,3.8,True,2025-01-27 17:29:48.545343
s0667,t0110,3.2,True,2024-09-27 17:29:48.560965
s0029,t0060,4.4,True,2025-08-29 17:29:48.576594
s0543,t0081,3.6,True,2025-07-17 17:29:48.592214
s0483,t0056,3.8,True,2025-04-28 17:29:48.607841
s0330,t0186,4.3,True,2024-10-13 17:29:48.623467
s0767,t0090,3.5,True,2025-08-14 17:29:48.639091
s0684,t0029,3.7,True,2025-02-28 17:29:48.654718
s0374,t0099,3.8,True,2025-01-17 17:29:48.670342
s0121,t0026,4.8,False,2025-04-11 17:29:48.685968
s0934,t0142,4.0,True,2024-10-02 17:29:48.701591
s0306,t0139,4.4,True,2025-05-27 17:29:48.717217
s0046,t0165,3.9,True,2025-04-02 17:29:48.732889
s0854,t0158,3.3,True,2025-03-12 17:29:48.748474
s0542,t0074,3.9,True,2025-09-08 17:29:48.764092
s0769,t0017,3.9,False,2025-03-15 17:29:48.779719
s0574,t0109,3.5,True,2024-11-18 17:29:48.795341
s0559,t0070,3.7,False,2024-12-12 17:29:48.810973
s0950,t0055,4.4,False,2024-11-03 17:29:48.826598
s0056,t0121,3.5,True,2025-04-09 17:29:48.842217
s0705,t0189,3.9,True,2024-10-03 17:29:48.857846
s0194,t0026,4.5,True,2025-02-02 17:29:48.873467
s0708,t0143,4.3,True,2024-11-12 17:29:48.889094
s0868,t0144,4.3,True,2025-07-24 17:29:48.920341
s0997,t0007,3.1,False,2025-01-30 17:29:48.935966
s0275,t0128,4.6,False,2025-01-26 17:29:48.951591
s0758,t0064,3.5,True,2024-09-29 17:29:48.967270
s0973,t0005,3.1,True,2025-03-31 17:29:48.982858
s0679,t0159,3.6,False,2024-11-12 17:29:48.998469
s0407,t0043,3.7,True,2025-03-13 17:29:49.014096
s0072,t0092,3.1,True,2025-04-23 17:29:49.031681
s0755,t0132,3.5,True,2024-11-17 17:29:49.047313
s0332,t0033,4.6,False,2025-01-29 17:29:49.062935
s0333,t0065,4.0,True,2024-09-17 17:29:49.078559
s0323,t0036,3.6,True,2025-01-25 17:29:49.094182
s0993,t0050,3.6,False,2025-08-09 17:29:49.109811
s0820,t0048,3.2,True,2024-11-05 17:29:49.125435
s0591,t0126,3.5,True,2025-03-25 17:29:49.141060
s0993,t0093,3.5,True,2025-07-13 17:29:49.156686
s0906,t0065,3.3,True,2025-06-06 17:29:49.187933
s0201,t0088,3.9,True,2025-04-22 17:29:49.203560
s0939,t0078,3.6,True,2024-11-10 17:29:49.219185
s0795,t0192,3.3,True,2025-02-09 17:29:49.234808
s0285,t0146,3.7,True,2025-06-18 17:29:49.250433
s0880,t0172,3.9,True,2024-10-08 17:29:49.266064
s0104,t0017,3.6,True,2025-03-06 17:29:49.281689
s0027,t0121,4.1,True,2024-12-12 17:29:49.297317
s0214,t0073,3.7,True,2025-08-02 17:29:49.328569
s0289,t0109,4.0,False,2025-03-10 17:29:49.351196
s0020,t0013,4.0,True,2025-01-14 17:29:49.367402
s0598,t0073,3.5,True,2025-05-15 17:29:49.380410
s0721,t0063,4.5,False,2025-04-01 17:29:49.382599
s0277,t0140,4.6,True,2025-05-09 17:29:49.398221
s0053,t0099,4.4,True,2024-11-04 17:29:49.429465
s0245,t0140,3.6,True,2024-10-10 17:29:49.445091
s0370,t0125,4.1,True,2025-03-17 17:29:49.460715
s0568,t0179,4.0,False,2025-01-09 17:29:49.476338
s0983,t0176,4.2,True,2025-02-24 17:29:49.491967
s0723,t0194,4.0,True,2025-08-30 17:29:49.507592
s0278,t0073,3.2,True,2024-12-25 17:29:49.523214
s0307,t0154,3.3,False,2024-11-29 17:29:49.548154
s0768,t0122,3.0,True,2024-10-10 17:29:49.563794
s0689,t0132,3.8,True,2024-12-10 17:29:49.579408
s0601,t0096,3.9,True,2024-09-21 17:29:49.595036
s0730,t0093,3.9,True,2025-09-03 17:29:49.610655
s0576,t0062,4.0,True,2024-11-18 17:29:49.626284
s0966,t0111,4.9,True,2025-06-28 17:29:49.641906
s0403,t0044,2.8,False,2025-08-19 17:29:49.657538
s0160,t0126,3.2,True,2024-12-22 17:29:49.673160
s0861,t0147,4.5,False,2025-01-17 17:29:49.688786
s0941,t0092,3.5,True,2025-08-21 17:29:49.704411
s0961,t0054,2.8,True,2025-03-23 17:29:49.720030
s0995,t0199,3.8,True,2025-03-05 17:29:49.735656
s0014,t0147,3.4,True,2025-06-01 17:29:49.766910
s0909,t0053,4.0,True,2024-11-14 17:29:49.782536
s0112,t0018,3.0,False,2025-08-27 17:29:49.798161
s0762,t0040,3.7,True,2024-09-20 17:29:49.813794
s0988,t0042,3.5,True,2025-09-07 17:29:49.829412
s0986,t0170,4.1,False,2025-02-15 17:29:49.845038
s0510,t0132,3.2,False,2025-03-05 17:29:49.860663
s0277,t0114,3.6,True,2025-02-20 17:29:49.876283
s0030,t0147,4.3,True,2024-10-07 17:29:49.891909
s0264,t0132,3.2,True,2025-01-11 17:29:49.907534
s0066,t0075,4.4,True,2024-09-22 17:29:49.923159
s0708,t0193,3.4,True,2025-04-20 17:29:49.938788
s0748,t0092,3.7,False,2025-09-05 17:29:49.954409
s0956,t0126,3.3,False,2025-07-20 17:29:49.985658
s0449,t0192,3.2,False,2024-12-15 17:29:50.001286
s0364,t0059,4.2,True,2024-12-20 17:29:50.016912
s0924,t0077,3.2,False,2024-11-19 17:29:50.032564
s0061,t0198,3.5,True,2025-08-21 17:29:50.048166
s0865,t0191,4.0,True,2025-08-30 17:29:50.063785
s0379,t0034,3.6,False,2024-11-02 17:29:50.081279
s0996,t0077,2.6,True,2025-05-03 17:29:50.096910
s0418,t0163,3.9,True,2024-10-15 17:29:50.112555
s0533,t0088,3.5,True,2024-10-22 17:29:50.143783
s0051,t0052,3.8,True,2025-07-01 17:29:50.159409
s0131,t0148,4.1,False,2025-06-11 17:29:50.175034
s0971,t0149,3.6,True,2025-06-14 17:29:50.190656
s0925,t0078,3.7,True,2025-03-02 17:29:50.206285
s0246,t0059,3.8,True,2025-06-14 17:29:50.221907
s0809,t0065,4.0,False,2025-07-14 17:29:50.232131
s0403,t0147,3.3,True,2024-10-29 17:29:50.247764
s0535,t0074,3.5,True,2024-12-27 17:29:50.263385
s0479,t0129,4.0,True,2025-04-08 17:29:50.279010
s0709,t0025,4.3,True,2024-12-20 17:29:50.294631
s0841,t0028,3.6,False,2025-01-27 17:29:50.310281
s0897,t0163,3.6,False,2025-06-19 17:29:50.341519
s0557,t0102,4.0,True,2024-11-17 17:29:50.370598
s0821,t0132,3.3,True,2025-02-13 17:29:50.388353
s0772,t0112,3.0,False,2025-08-29 17:29:50.395976
s0443,t0199,3.3,False,2024-11-27 17:29:50.411600
s0944,t0193,3.6,False,2025-08-16 17:29:50.427227
s0592,t0012,4.1,False,2025-05-07 17:29:50.442852
s0388,t0175,3.5,True,2025-05-20 17:29:50.458476
s0478,t0106,3.8,False,2024-10-03 17:29:50.474106
s0457,t0068,4.8,False,2024-11-14 17:29:50.489728
s0787,t0170,3.9,False,2024-11-23 17:29:50.505351
s0095,t0112,3.3,True,2025-08-25 17:29:50.536600
s0446,t0089,3.6,True,2025-03-23 17:29:50.552226
s0383,t0102,3.3,True,2025-08-10 17:29:50.567850
s0668,t0175,3.1,False,2025-08-11 17:29:50.583476
s0249,t0009,3.8,True,2025-07-23 17:29:50.599106
s0242,t0186,4.0,True,2025-01-27 17:29:50.614531
s0955,t0054,3.7,True,2025-05-01 17:29:50.630161
s0197,t0162,4.3,True,2025-01-16 17:29:50.645783
s0524,t0102,3.9,False,2025-05-13 17:29:50.677035
s0334,t0112,3.7,False,2024-09-16 17:29:50.692658
s0229,t0063,4.2,True,2025-03-06 17:29:50.708288
s0633,t0003,3.7,True,2025-05-02 17:29:50.723912
s0842,t0075,4.4,True,2025-04-29 17:29:50.739533
s0027,t0138,3.3,True,2025-02-09 17:29:50.755162
s0538,t0032,3.5,True,2024-11-02 17:29:50.770788
s0687,t0161,4.7,True,2025-07-31 17:29:50.786413
s0358,t0128,4.5,False,2025-07-08 17:29:50.802038
s0178,t0139,4.5,True,2024-11-29 17:29:50.817659
s0500,t0112,3.3,False,2024-09-25 17:29:50.833288
s0375,t0158,3.2,True,2025-01-01 17:29:50.848910
s0230,t0183,3.1,False,2025-05-25 17:29:50.864536
s0786,t0141,3.8,True,2025-06-27 17:29:50.880161
s0570,t0093,3.6,True,2025-08-21 17:29:50.895787
s0434,t0039,4.6,True,2025-02-05 17:29:50.911407
s0221,t0026,4.7,True,2024-12-12 17:29:50.942656
s0991,t0146,4.0,True,2025-04-22 17:29:50.942656
s0080,t0082,4.3,True,2024-10-21 17:29:50.958285
s0822,t0083,3.2,True,2025-04-30 17:29:50.989534
s0430,t0051,4.3,True,2025-08-09 17:29:51.005159
s0434,t0139,4.4,True,2025-01-05 17:29:51.020783
s0013,t0163,3.2,True,2025-07-03 17:29:51.036407
s0118,t0032,3.8,False,2025-03-28 17:29:51.052034
s0605,t0043,3.2,True,2025-07-12 17:29:51.083287
s0008,t0186,3.6,True,2025-06-09 17:29:51.098930
s0512,t0127,3.5,True,2025-03-21 17:29:51.114536
s0654,t0125,3.4,True,2025-02-10 17:29:51.131016
s0986,t0005,3.7,True,2025-05-02 17:29:51.146645
s0446,t0121,4.0,True,2025-01-13 17:29:51.162270
s0903,t0021,4.1,True,2025-04-24 17:29:51.177897
s0721,t0161,3.9,False,2025-06-22 17:29:51.193517
s0469,t0137,4.3,False,2024-12-17 17:29:51.209142
s0756,t0164,3.5,False,2025-05-03 17:29:51.224768
s0523,t0051,4.2,True,2025-08-27 17:29:51.240393
s0600,t0051,3.8,True,2024-11-17 17:29:51.256016
s0398,t0164,3.4,False,2025-01-20 17:29:51.271646
s0371,t0187,3.7,True,2025-06-03 17:29:51.287268
s0451,t0099,3.9,True,2025-02-11 17:29:51.318522
s0650,t0017,3.4,True,2025-03-15 17:29:51.334168
s0491,t0073,3.1,False,2025-07-01 17:29:51.365405
s0772,t0197,4.3,False,2025-04-13 17:29:51.381025
s0224,t0109,4.1,True,2024-10-14 17:29:51.410735
s0959,t0017,3.6,True,2025-03-07 17:29:51.425445
s0135,t0009,4.8,True,2025-02-26 17:29:51.428984
s0788,t0047,3.1,False,2024-12-04 17:29:51.444611
s0347,t0156,3.5,True,2025-07-05 17:29:51.460241
s0245,t0024,3.5,True,2025-05-31 17:29:51.475866
s0077,t0034,2.9,True,2024-12-14 17:29:51.507122
s0715,t0113,3.8,True,2025-01-09 17:29:51.522737
s0121,t0093,3.3,True,2025-03-20 17:29:51.553984
s0320,t0118,4.2,False,2025-07-14 17:29:51.600862
s0612,t0129,3.8,True,2024-12-07 17:29:51.616491
s0229,t0166,3.5,True,2024-12-05 17:29:51.667390
s0807,t0005,3.4,True,2024-10-18 17:29:51.698657
s0350,t0120,3.8,False,2025-01-18 17:29:51.729905
s0744,t0070,3.8,False,2025-05-03 17:29:51.761144
s0248,t0033,4.1,True,2025-07-06 17:29:51.776771
s0364,t0026,4.3,True,2025-04-26 17:29:51.823647
s0011,t0073,3.1,True,2025-04-27 17:29:51.854899
s0422,t0002,4.3,True,2025-03-18 17:29:51.870519
s0469,t0139,4.4,False,2025-07-14 17:29:51.886144
s0054,t0030,3.9,False,2024-11-12 17:29:51.917393
s0177,t0114,3.9,False,2025-01-14 17:29:51.948646
s0298,t0177,3.1,True,2025-01-08 17:29:51.964273
s0835,t0146,3.7,True,2025-06-24 17:29:51.979895
s0651,t0127,3.8,True,2024-11-14 17:29:52.011141
s0606,t0108,3.9,True,2025-08-08 17:29:52.042392
s0162,t0189,3.9,False,2025-05-03 17:29:52.073643
s0060,t0168,4.7,True,2025-01-21 17:29:52.089267
s0233,t0129,3.6,True,2025-07-30 17:29:52.120522
s0145,t0121,4.3,True,2025-09-12 17:29:52.136142
s0297,t0042,3.9,True,2024-10-11 17:29:52.151763
s0488,t0068,4.4,True,2024-10-25 17:29:52.167391
s0742,t0003,3.9,True,2025-02-03 17:29:52.183016
s0073,t0118,4.0,False,2024-11-18 17:29:52.197526
s0260,t0114,4.0,True,2025-05-14 17:29:52.213158
s0311,t0051,4.3,True,2025-07-23 17:29:52.244400
s0961,t0158,3.4,True,2025-07-15 17:29:52.260027
s0450,t0050,3.2,False,2025-02-25 17:29:52.275655
s0041,t0138,3.5,True,2025-02-15 17:29:52.291278
s0637,t0132,3.1,True,2025-06-14 17:29:52.306902
s0141,t0145,4.4,True,2025-01-12 17:29:52.322528
s0579,t0047,3.6,False,2025-02-03 17:29:52.353790
s0008,t0192,3.0,True,2024-11-25 17:29:52.385042
s0932,t0050,3.1,True,2025-02-08 17:29:52.400677
s0791,t0024,3.7,True,2024-11-13 17:29:52.424236
s0870,t0049,4.2,True,2025-08-20 17:29:52.443938
s0051,t0129,4.2,False,2024-11-25 17:29:52.461102
s0415,t0031,3.3,True,2024-10-30 17:29:52.476729
s0559,t0109,4.1,False,2025-05-30 17:29:52.492354
s0367,t0186,3.7,True,2025-06-27 17:29:52.507980
s0924,t0075,3.6,True,2024-10-10 17:29:52.539220
s0284,t0142,4.1,True,2025-03-09 17:29:52.570474
s0851,t0092,3.0,True,2024-12-10 17:29:52.586096
s0275,t0021,3.6,True,2025-02-07 17:29:52.601727
s0822,t0104,3.0,True,2025-06-09 17:29:52.632978
s0667,t0137,4.1,True,2025-01-05 17:29:52.648608
s0953,t0020,4.3,True,2025-05-15 17:29:52.664230
s0478,t0048,3.3,True,2025-04-09 17:29:52.679851
s0884,t0028,3.9,True,2025-08-11 17:29:52.679851
s0266,t0040,4.2,True,2024-10-01 17:29:52.695472
s0775,t0118,4.1,False,2025-06-27 17:29:52.711100
s0400,t0127,4.0,True,2025-05-24 17:29:52.730676
s0684,t0029,4.1,True,2025-01-04 17:29:52.746305
s0426,t0029,3.9,True,2024-10-20 17:29:52.761948
s0089,t0065,3.8,False,2025-04-02 17:29:52.777553
s0811,t0012,3.8,True,2025-05-03 17:29:52.808805
s0782,t0099,4.4,True,2024-10-31 17:29:52.824430
s0391,t0151,3.8,True,2025-04-23 17:29:52.840053
s0396,t0102,3.4,True,2025-05-30 17:29:52.855676
s0916,t0073,2.8,True,2025-04-09 17:29:52.871304
s0561,t0093,3.8,True,2025-09-01 17:29:52.886928
s0739,t0024,3.2,True,2024-12-25 17:29:52.902549
s0990,t0168,4.6,True,2025-06-12 17:29:52.918178
s0765,t0084,4.6,True,2024-10-06 17:29:52.933804
s0655,t0128,4.8,True,2024-09-16 17:29:52.949427
s0871,t0075,4.4,True,2025-04-20 17:29:52.965058
s0746,t0006,3.8,True,2025-03-30 17:29:52.980680
s0741,t0044,2.8,True,2024-10-20 17:29:52.996312
s0035,t0050,3.6,True,2024-10-04 17:29:53.011928
s0773,t0157,4.5,False,2025-04-30 17:29:53.027552
s0231,t0073,3.1,True,2024-10-15 17:29:53.043175
s0978,t0042,3.0,True,2024-12-19 17:29:53.074426
s0862,t0054,3.1,True,2024-11-17 17:29:53.090051
s0735,t0073,3.6,True,2025-07-25 17:29:53.105675
s0523,t0060,3.5,False,2025-04-28 17:29:53.121301
s0675,t0183,4.1,True,2025-08-28 17:29:53.136930
s0350,t0163,3.4,False,2024-10-02 17:29:53.152553
s0432,t0162,4.3,True,2025-03-17 17:29:53.168174
s0364,t0056,4.1,True,2025-05-26 17:29:53.183804
s0860,t0136,3.9,True,2024-10-09 17:29:53.199431
s0062,t0175,3.3,True,2025-07-31 17:29:53.215055
s0633,t0165,3.8,True,2025-04-27 17:29:53.230677
s0783,t0184,4.1,False,2024-11-05 17:29:53.246306
s0137,t0046,3.8,True,2025-08-26 17:29:53.265690
s0235,t0034,3.0,True,2025-08-04 17:29:53.281317
s0339,t0043,3.4,True,2024-09-30 17:29:53.296956
s0094,t0104,4.0,True,2025-07-06 17:29:53.312571
s0092,t0082,4.4,True,2025-02-24 17:29:53.328191
s0708,t0189,3.8,False,2025-06-14 17:29:53.359453
s0829,t0038,4.1,True,2025-05-15 17:29:53.375075
s0411,t0199,4.0,False,2025-05-04 17:29:53.406319
s0724,t0132,3.1,True,2025-01-02 17:29:53.425922
s0184,t0074,3.0,True,2025-01-15 17:29:53.443655
s0605,t0051,4.0,True,2025-02-27 17:29:53.445212
s0821,t0163,3.5,True,2025-05-19 17:29:53.463343
s0472,t0034,3.5,True,2024-10-02 17:29:53.478966
s0797,t0063,4.6,True,2024-11-17 17:29:53.494590
s0415,t0183,3.5,False,2025-07-06 17:29:53.510215
s0192,t0142,3.5,False,2025-08-27 17:29:53.541466
s0487,t0180,3.6,True,2025-09-12 17:29:53.541466
s0451,t0042,3.4,True,2025-04-06 17:29:53.572719
s0869,t0008,3.6,True,2025-02-15 17:29:53.588341
s0173,t0141,4.2,True,2025-01-25 17:29:53.603966
s0424,t0060,4.0,True,2025-05-29 17:29:53.619590
s0048,t0072,3.0,True,2024-11-28 17:29:53.635214
s0498,t0192,2.9,True,2025-01-09 17:29:53.650840
s0189,t0120,3.5,False,2025-05-25 17:29:53.666465
s0284,t0028,3.6,True,2025-01-14 17:29:53.697731
s0904,t0162,4.9,True,2024-10-17 17:29:53.713343
s0897,t0164,3.3,True,2024-10-15 17:29:53.728967
s0968,t0197,4.0,False,2025-08-25 17:29:53.744595
s0620,t0046,4.5,True,2025-01-12 17:29:53.760217
s0937,t0073,3.9,True,2024-10-16 17:29:53.775839
s0770,t0040,3.1,False,2024-12-06 17:29:53.780626
s0021,t0096,3.7,False,2025-08-08 17:29:53.796256
s0972,t0099,4.0,False,2025-04-15 17:29:53.811881
s0486,t0099,4.8,True,2025-08-07 17:29:53.843132
s0236,t0039,4.1,False,2024-09-25 17:29:53.858753
s0518,t0093,4.1,True,2024-10-10 17:29:53.874382
s0898,t0051,5.0,True,2025-03-23 17:29:53.890007
s0450,t0158,3.3,True,2025-03-14 17:29:53.905631
s0548,t0046,4.1,True,2025-06-28 17:29:53.921254
s0517,t0185,3.4,True,2024-10-02 17:29:53.936882
s0965,t0093,3.3,True,2025-06-17 17:29:53.952503
s0340,t0032,4.5,True,2025-07-11 17:29:53.968128
s0849,t0034,3.5,True,2024-11-05 17:29:53.983754
s0295,t0083,3.6,True,2025-01-26 17:29:53.999379
s0192,t0020,5.0,True,2024-11-04 17:29:54.015016
s0565,t0158,3.2,True,2024-11-26 17:29:54.030630
s0307,t0018,3.1,True,2024-10-24 17:29:54.046259
s0788,t0191,4.4,True,2025-01-16 17:29:54.061880
s0445,t0182,3.1,True,2025-02-22 17:29:54.077505
s0862,t0091,3.4,True,2025-09-08 17:29:54.093130
s0967,t0167,3.4,False,2025-06-03 17:29:54.108754
s0608,t0073,3.5,False,2025-05-10 17:29:54.124379
s0504,t0149,3.7,True,2024-12-27 17:29:54.155633
s0730,t0191,4.2,True,2025-03-26 17:29:54.155633
s0671,t0024,3.0,False,2024-12-09 17:29:54.186878
s0175,t0073,2.8,True,2025-03-20 17:29:54.202507
s0444,t0159,4.0,True,2025-03-17 17:29:54.218132
s0215,t0150,3.8,False,2024-10-30 17:29:54.233758
s0109,t0042,3.6,True,2024-10-08 17:29:54.249378
s0012,t0090,3.8,False,2025-08-21 17:29:54.265011
s0224,t0029,3.7,True,2024-11-27 17:29:54.280633
s0744,t0121,3.9,False,2024-12-10 17:29:54.296257
s0169,t0143,4.2,False,2025-02-20 17:29:54.311879
s0384,t0060,4.1,True,2024-11-16 17:29:54.330399
s0407,t0183,3.7,False,2025-03-07 17:29:54.346030
s0933,t0128,4.1,True,2025-03-28 17:29:54.361651
s0959,t0112,3.8,False,2025-08-27 17:29:54.377286
s0590,t0051,4.6,True,2024-09-18 17:29:54.408531
s0330,t0181,4.6,False,2024-11-13 17:29:54.424166
s0354,t0042,2.8,True,2024-11-09 17:29:54.457792
s0874,t0151,4.0,True,2025-03-21 17:29:54.474713
s0261,t0093,4.1,True,2025-06-03 17:29:54.478484
s0425,t0186,4.0,True,2025-07-23 17:29:54.509732
s0352,t0116,4.5,True,2025-04-18 17:29:54.525356
s0910,t0074,3.1,True,2025-05-07 17:29:54.540986
s0779,t0081,3.7,True,2024-09-18 17:29:54.556606
s0076,t0047,3.4,False,2024-11-26 17:29:54.572232
s0825,t0189,4.1,True,2025-01-19 17:29:54.603480
s0760,t0140,4.2,False,2025-04-14 17:29:54.619106
s0076,t0143,4.4,True,2025-02-24 17:29:54.634729
s0240,t0114,3.0,True,2024-10-15 17:29:54.650356
s0125,t0042,3.7,False,2025-04-15 17:29:54.665980
s0400,t0087,3.3,False,2024-10-28 17:29:54.665980
s0234,t0149,3.9,True,2025-06-19 17:29:54.681610
s0459,t0021,3.9,True,2024-10-30 17:29:54.697245
s0131,t0010,3.6,True,2025-09-05 17:29:54.712863
s0229,t0103,3.6,True,2025-02-10 17:29:54.728483
s0971,t0049,3.7,True,2025-05-13 17:29:54.744106
s0154,t0020,4.9,False,2025-02-21 17:29:54.759737
s0924,t0199,4.0,True,2024-12-23 17:29:54.790982
s0893,t0016,3.3,True,2024-12-02 17:29:54.806606
s0484,t0120,4.0,True,2025-07-28 17:29:54.822230
s0974,t0081,3.9,True,2025-04-29 17:29:54.837854
s0394,t0186,3.3,True,2025-06-09 17:29:54.846994
s0168,t0060,3.7,True,2025-05-09 17:29:54.862628
s0115,t0053,3.6,True,2025-04-10 17:29:54.878247
s0546,t0078,3.7,True,2024-10-27 17:29:54.893872
s0998,t0184,4.0,True,2025-04-26 17:29:54.909497
s0199,t0042,3.0,False,2025-05-22 17:29:54.925120
s0268,t0132,3.0,True,2025-01-21 17:29:54.940748
s0963,t0042,3.4,True,2025-08-23 17:29:54.956373
s0624,t0148,4.6,True,2024-10-28 17:29:54.971993
s0885,t0139,4.4,True,2025-09-07 17:29:54.987630
s0296,t0070,2.9,True,2025-08-20 17:29:55.003251
s0558,t0084,4.1,False,2025-05-10 17:29:55.034501
s0007,t0132,3.3,True,2024-11-28 17:29:55.050125
s0017,t0084,4.8,True,2025-07-29 17:29:55.065751
s0645,t0193,3.5,False,2025-01-27 17:29:55.081374
s0262,t0185,3.5,False,2024-11-15 17:29:55.096999
s0876,t0172,3.5,False,2025-01-06 17:29:55.112629
s0323,t0143,3.8,True,2025-06-29 17:29:55.128249
s0055,t0147,3.9,False,2025-03-20 17:29:55.143871
s0232,t0028,3.9,False,2025-07-29 17:29:55.159495
s0422,t0186,3.7,True,2025-06-27 17:29:55.175121
s0977,t0112,3.7,True,2025-08-23 17:29:55.190750
s0769,t0166,4.0,True,2025-02-02 17:29:55.206374
s0357,t0028,4.0,True,2024-09-29 17:29:55.221994
s0670,t0155,4.3,True,2025-02-13 17:29:55.237622
s0345,t0037,3.8,True,2025-03-14 17:29:55.253245
s0512,t0073,2.7,False,2025-03-18 17:29:55.268869
s0693,t0178,3.1,True,2024-12-11 17:29:55.284496
s0142,t0073,2.9,True,2025-07-29 17:29:55.300125
s0943,t0191,3.8,True,2024-10-03 17:29:55.315744
s0586,t0012,4.0,False,2024-11-20 17:29:55.331372
s0594,t0072,3.5,False,2025-09-02 17:29:55.347008
s0184,t0048,3.3,True,2025-07-08 17:29:55.362627
s0412,t0138,3.4,True,2025-03-22 17:29:55.378254
s0397,t0102,4.1,True,2025-03-16 17:29:55.412834
s0475,t0036,4.2,False,2025-02-16 17:29:55.428451
s0788,t0073,3.3,True,2024-10-31 17:29:55.444090
s0651,t0025,4.7,True,2025-03-16 17:29:55.473502
s0364,t0010,4.0,False,2025-03-21 17:29:55.490184
s0189,t0165,4.2,True,2024-12-09 17:29:55.494762
s0673,t0172,4.0,True,2025-06-29 17:29:55.510390
s0434,t0073,3.4,True,2025-04-20 17:29:55.526016
s0535,t0138,3.9,True,2024-10-18 17:29:55.541640
s0220,t0122,3.0,True,2025-07-10 17:29:55.572887
s0111,t0028,3.6,True,2024-10-31 17:29:55.588512
s0637,t0118,3.3,True,2025-05-06 17:29:55.604137
s0298,t0046,3.8,True,2025-02-25 17:29:55.619767
s0315,t0105,3.9,False,2025-08-17 17:29:55.635387
s0502,t0182,3.8,True,2025-07-21 17:29:55.651015
s0079,t0047,3.7,True,2025-08-10 17:29:55.666638
s0746,t0003,3.9,True,2025-02-04 17:29:55.682261
s0772,t0180,3.3,True,2024-09-26 17:29:55.697894
s0859,t0180,4.0,True,2025-07-18 17:29:55.713546
s0906,t0132,3.4,True,2024-11-06 17:29:55.729145
s0275,t0159,4.1,True,2025-06-12 17:29:55.744764
s0220,t0029,4.1,True,2024-10-28 17:29:55.760388
s0289,t0028,3.5,True,2025-02-06 17:29:55.776017
s0203,t0033,3.5,True,2025-07-09 17:29:55.807266
s0241,t0142,4.0,True,2025-08-19 17:29:55.822888
s0739,t0102,4.1,True,2025-09-05 17:29:55.838511
s0576,t0197,3.9,False,2024-10-17 17:29:55.854142
s0545,t0029,4.1,True,2025-05-01 17:29:55.869763
s0003,t0106,3.9,True,2025-05-30 17:29:55.885391
s0022,t0155,4.4,True,2025-06-15 17:29:55.901012
s0184,t0056,3.5,True,2025-05-10 17:29:55.913146
s0275,t0033,3.5,True,2025-06-11 17:29:55.928777
s0948,t0118,3.5,True,2025-07-03 17:29:55.944403
s0459,t0192,3.3,False,2025-03-07 17:29:55.960029
s0061,t0073,3.6,False,2024-12-24 17:29:55.975649
s0710,t0191,4.7,True,2024-12-15 17:29:55.991280
s0776,t0129,4.0,False,2025-01-01 17:29:56.006898
s0854,t0065,3.3,True,2025-01-29 17:29:56.022523
s0855,t0068,3.9,True,2025-02-27 17:29:56.053771
s0884,t0099,4.5,True,2025-03-26 17:29:56.069398
s1000,t0189,3.3,True,2025-05-18 17:29:56.085024
s0891,t0090,3.2,False,2025-04-21 17:29:56.100648
s0543,t0009,4.4,True,2025-06-25 17:29:56.116277
s0153,t0070,2.9,True,2025-03-01 17:29:56.131901
s0898,t0196,4.1,True,2025-03-12 17:29:56.147530
s0560,t0012,4.3,True,2025-09-08 17:29:56.163152
s0813,t0118,4.0,True,2025-02-11 17:29:56.178779
s0620,t0142,4.5,False,2025-02-24 17:29:56.194399
s0886,t0140,3.9,False,2025-04-16 17:29:56.210025
s0497,t0057,4.3,True,2025-03-20 17:29:56.225649
